Rk,Player,Age,Team,Pos,G,GS,MP,FG,FGA,FG%,3P,3PA,3P%,2P,2PA,2P%,eFG%,FT,FTA,FT%,ORB,DRB,TRB,AST,STL,BLK,TOV,PF,PTS,Awards,season_end_year,season
1.0,Kevin Durant,25.0,OKC,SF,81.0,81.0,38.5,10.5,20.8,0.503,2.4,6.1,0.391,8.1,14.8,0.549,0.56,8.7,9.9,0.873,0.7,6.7,7.4,5.5,1.3,0.7,3.5,2.1,32.0,"MVP-1,AS,NBA1",2014,2013-14
2.0,Carmelo Anthony,29.0,NYK,PF,77.0,77.0,38.7,9.6,21.3,0.452,2.2,5.4,0.402,7.5,15.9,0.469,0.503,6.0,7.0,0.848,1.9,6.2,8.1,3.1,1.2,0.7,2.6,2.9,27.4,"MVP-15,AS",2014,2013-14
3.0,LeBron James,29.0,MIA,PF,77.0,77.0,37.7,10.0,17.6,0.567,1.5,4.0,0.379,8.5,13.6,0.622,0.61,5.7,7.6,0.75,1.1,5.9,6.9,6.3,1.6,0.3,3.5,1.6,27.1,"MVP-2,DPOY-6,AS,NBA1,DEF2",2014,2013-14
4.0,Kevin Love,25.0,MIN,PF,77.0,77.0,36.3,8.4,18.5,0.457,2.5,6.6,0.376,6.0,11.9,0.502,0.524,6.8,8.2,0.821,2.9,9.6,12.5,4.4,0.8,0.5,2.5,1.8,26.1,"MVP-11,AS,NBA2",2014,2013-14
5.0,James Harden,24.0,HOU,SG,73.0,73.0,38.0,7.5,16.5,0.456,2.4,6.6,0.366,5.1,9.9,0.515,0.529,7.9,9.1,0.866,0.8,3.9,4.7,6.1,1.6,0.4,3.6,2.4,25.4,"MVP-5,AS,NBA1",2014,2013-14
6.0,Blake Griffin,24.0,LAC,PF,80.0,80.0,35.8,9.0,17.0,0.528,0.2,0.6,0.273,8.8,16.4,0.537,0.533,6.0,8.4,0.715,2.4,7.1,9.5,3.9,1.2,0.6,2.8,3.3,24.1,"MVP-3,AS,NBA2",2014,2013-14
7.0,Stephen Curry,25.0,GSW,PG,78.0,78.0,36.5,8.4,17.7,0.471,3.3,7.9,0.424,5.0,9.8,0.509,0.566,3.9,4.5,0.885,0.6,3.7,4.3,8.5,1.6,0.2,3.8,2.5,24.0,"MVP-6,AS,NBA2",2014,2013-14
8.0,LaMarcus Aldridge,28.0,POR,PF,69.0,69.0,36.2,9.4,20.6,0.458,0.0,0.2,0.2,9.4,20.4,0.461,0.459,4.3,5.2,0.822,2.4,8.7,11.1,2.6,0.9,1.0,1.8,2.1,23.2,"MVP-10,AS,NBA3",2014,2013-14
9.0,DeMarcus Cousins,23.0,SAC,C,71.0,71.0,32.4,8.3,16.8,0.496,0.0,0.1,0.0,8.3,16.7,0.499,0.496,6.1,8.4,0.726,3.1,8.6,11.7,2.9,1.5,1.3,3.5,3.8,22.7,,2014,2013-14
10.0,DeMar DeRozan,24.0,TOR,SG,79.0,79.0,38.2,7.6,17.8,0.429,0.8,2.7,0.305,6.8,15.2,0.451,0.452,6.6,8.0,0.824,0.6,3.7,4.3,4.0,1.1,0.4,2.2,2.5,22.7,AS,2014,2013-14
11.0,Al Jefferson,29.0,CHA,C,73.0,73.0,35.0,9.6,18.8,0.509,0.0,0.2,0.2,9.5,18.6,0.512,0.51,2.6,3.8,0.69,2.1,8.7,10.8,2.1,0.9,1.1,1.7,2.4,21.8,"MVP-8,NBA3",2014,2013-14
12.0,Russell Westbrook,25.0,OKC,PG,46.0,46.0,30.7,7.5,17.2,0.437,1.5,4.7,0.318,6.0,12.5,0.482,0.48,5.3,6.4,0.826,1.2,4.5,5.7,6.9,1.9,0.2,3.8,2.3,21.8,,2014,2013-14
13.0,Paul George,23.0,IND,SF,80.0,80.0,36.2,7.2,17.0,0.424,2.3,6.3,0.364,4.9,10.8,0.458,0.49,5.0,5.8,0.864,0.8,6.0,6.8,3.5,1.9,0.3,2.8,2.5,21.7,"MVP-9,DPOY-7,AS,NBA3,DEF1",2014,2013-14
14.0,Dirk Nowitzki,35.0,DAL,PF,80.0,80.0,32.9,7.9,15.9,0.497,1.6,4.1,0.398,6.3,11.8,0.532,0.549,4.2,4.7,0.899,0.5,5.7,6.2,2.7,0.9,0.6,1.5,2.1,21.7,"MVP-14,AS",2014,2013-14
15.0,Anthony Davis,20.0,NOP,PF,67.0,66.0,35.2,7.8,15.0,0.519,0.0,0.1,0.222,7.8,14.9,0.522,0.52,5.2,6.6,0.791,3.1,7.0,10.0,1.6,1.3,2.8,1.6,3.0,20.8,"DPOY-8,AS",2014,2013-14
16.0,Kyrie Irving,21.0,CLE,PG,71.0,71.0,35.2,7.5,17.4,0.43,1.7,4.8,0.358,5.8,12.6,0.458,0.48,4.1,4.8,0.861,0.7,2.9,3.6,6.1,1.5,0.3,2.7,2.3,20.8,AS,2014,2013-14
17.0,Damian Lillard,23.0,POR,PG,82.0,82.0,35.8,6.7,15.9,0.424,2.7,6.8,0.394,4.1,9.1,0.447,0.508,4.5,5.2,0.871,0.4,3.1,3.5,5.6,0.8,0.3,2.4,2.4,20.7,"AS,NBA3",2014,2013-14
18.0,Brook Lopez,25.0,BRK,C,17.0,17.0,31.4,7.6,13.5,0.563,0.0,0.1,0.0,7.6,13.4,0.566,0.563,5.5,6.8,0.817,2.3,3.7,6.0,0.9,0.5,1.8,1.6,3.1,20.7,,2014,2013-14
19.0,Goran Dragić,27.0,PHO,SG,76.0,75.0,35.1,7.3,14.4,0.505,1.6,3.9,0.408,5.7,10.4,0.542,0.561,4.2,5.5,0.76,0.9,2.3,3.2,5.9,1.4,0.3,2.8,2.7,20.3,"MVP-16,MIP-1,NBA3",2014,2013-14
20.0,Isaiah Thomas,24.0,SAC,PG,72.0,54.0,34.7,6.9,15.2,0.453,1.8,5.1,0.349,5.1,10.2,0.504,0.51,4.8,5.7,0.85,0.7,2.3,2.9,6.3,1.3,0.1,3.0,2.6,20.3,,2014,2013-14
21.0,Rudy Gay,27.0,2TM,SF,73.0,73.0,34.7,7.4,16.2,0.455,0.9,2.7,0.33,6.5,13.5,0.481,0.483,4.4,5.3,0.822,1.5,4.4,6.0,2.9,1.3,0.8,3.1,2.3,20.0,,2014,2013-14
21.0,Rudy Gay,27.0,TOR,SF,18.0,18.0,35.5,7.2,18.6,0.388,1.2,3.3,0.373,6.0,15.3,0.391,0.421,3.8,4.9,0.773,1.6,5.8,7.4,2.2,1.6,1.3,3.3,2.6,19.4,,2014,2013-14
21.0,Rudy Gay,27.0,SAC,SF,55.0,55.0,34.4,7.4,15.3,0.482,0.8,2.5,0.312,6.6,12.8,0.516,0.508,4.5,5.4,0.836,1.5,4.0,5.5,3.1,1.2,0.6,3.0,2.3,20.1,,2014,2013-14
22.0,Ryan Anderson,25.0,NOP,PF,22.0,14.0,36.1,7.0,16.1,0.438,3.0,7.5,0.409,4.0,8.6,0.463,0.532,2.7,2.8,0.952,3.0,3.5,6.5,0.8,0.5,0.3,0.9,2.1,19.8,,2014,2013-14
23.0,John Wall,23.0,WAS,PG,82.0,82.0,36.3,7.1,16.3,0.433,1.3,3.8,0.351,5.7,12.5,0.458,0.473,3.9,4.8,0.805,0.5,3.6,4.1,8.8,1.8,0.5,3.6,2.7,19.3,AS,2014,2013-14
24.0,Kevin Martin,30.0,MIN,SG,68.0,68.0,32.0,6.5,15.0,0.43,1.7,4.4,0.387,4.8,10.7,0.448,0.486,4.5,5.0,0.891,0.5,2.5,3.0,1.8,1.0,0.1,1.6,1.8,19.1,,2014,2013-14
25.0,Chris Paul,28.0,LAC,PG,62.0,62.0,35.0,6.5,14.0,0.467,1.3,3.4,0.368,5.3,10.6,0.498,0.511,4.8,5.6,0.855,0.6,3.7,4.3,10.7,2.5,0.1,2.3,2.5,19.1,"MVP-7,DPOY-13,AS,NBA1,DEF1",2014,2013-14
26.0,Monta Ellis,28.0,DAL,SG,82.0,82.0,36.9,7.0,15.6,0.451,0.8,2.5,0.33,6.2,13.0,0.474,0.478,4.1,5.2,0.788,0.5,3.1,3.6,5.7,1.7,0.3,3.2,2.4,19.0,,2014,2013-14
27.0,Dwyane Wade,32.0,MIA,SG,54.0,53.0,32.9,7.7,14.1,0.545,0.2,0.6,0.281,7.5,13.5,0.557,0.551,3.5,4.8,0.733,1.1,3.4,4.5,4.7,1.5,0.5,3.0,2.0,19.0,AS,2014,2013-14
28.0,Jamal Crawford,33.0,LAC,SG,69.0,24.0,30.3,6.1,14.7,0.416,2.3,6.5,0.361,3.8,8.2,0.46,0.496,4.0,4.7,0.866,0.5,1.8,2.3,3.2,0.9,0.2,2.0,1.7,18.6,6MOY-1,2014,2013-14
29.0,Al Horford,27.0,ATL,C,29.0,29.0,33.0,8.2,14.5,0.567,0.1,0.4,0.364,8.1,14.1,0.572,0.571,2.0,2.9,0.682,2.3,6.1,8.4,2.6,0.9,1.5,2.2,1.9,18.6,,2014,2013-14
30.0,Klay Thompson,23.0,GSW,SG,81.0,81.0,35.4,6.9,15.5,0.444,2.8,6.6,0.417,4.1,8.9,0.464,0.533,1.8,2.3,0.795,0.5,2.6,3.1,2.2,0.9,0.5,1.7,2.9,18.4,,2014,2013-14
31.0,Dwight Howard,28.0,HOU,C,71.0,71.0,33.7,6.7,11.3,0.591,0.0,0.1,0.286,6.6,11.2,0.594,0.593,4.9,9.0,0.547,3.3,8.9,12.2,1.8,0.8,1.8,3.2,3.4,18.3,"DPOY-8,AS,NBA2",2014,2013-14
32.0,Arron Afflalo,28.0,ORL,SG,73.0,73.0,35.0,6.4,13.8,0.459,1.8,4.1,0.427,4.6,9.7,0.473,0.522,3.8,4.6,0.815,0.4,3.2,3.6,3.4,0.5,0.0,2.0,1.9,18.2,,2014,2013-14
33.0,David Lee,30.0,GSW,PF,69.0,67.0,33.2,7.4,14.2,0.523,0.0,0.0,0.0,7.4,14.2,0.523,0.523,3.3,4.3,0.78,2.6,6.7,9.3,2.1,0.7,0.4,2.2,3.0,18.2,,2014,2013-14
34.0,Brandon Knight,22.0,MIL,PG,72.0,69.0,33.3,6.4,15.2,0.422,1.5,4.7,0.325,4.9,10.5,0.466,0.473,3.6,4.5,0.802,0.6,2.9,3.5,4.9,1.0,0.2,2.6,2.0,17.9,,2014,2013-14
35.0,Kyle Lowry,27.0,TOR,PG,79.0,79.0,36.2,5.8,13.7,0.423,2.4,6.3,0.38,3.4,7.3,0.46,0.511,4.0,4.9,0.813,1.1,3.6,4.7,7.4,1.5,0.2,2.5,3.4,17.9,,2014,2013-14
36.0,Paul Millsap,28.0,ATL,PF,74.0,73.0,33.5,6.5,14.1,0.461,1.0,2.9,0.358,5.5,11.3,0.487,0.498,3.9,5.3,0.731,2.1,6.4,8.5,3.1,1.7,1.1,2.5,2.8,17.9,AS,2014,2013-14
37.0,Nick Young,28.0,LAL,SG,64.0,9.0,28.3,6.0,13.9,0.435,2.1,5.5,0.386,3.9,8.4,0.468,0.511,3.7,4.5,0.825,0.5,2.1,2.6,1.5,0.7,0.2,1.5,2.4,17.9,6MOY-8,2014,2013-14
38.0,Thaddeus Young,25.0,PHI,PF,79.0,78.0,34.4,7.4,16.2,0.454,1.1,3.7,0.308,6.2,12.5,0.496,0.489,2.1,2.9,0.712,2.1,3.9,6.0,2.3,2.1,0.5,2.1,2.7,17.9,,2014,2013-14
39.0,Eric Bledsoe,24.0,PHO,PG,43.0,40.0,32.9,6.2,12.9,0.477,1.2,3.3,0.357,5.0,9.7,0.517,0.522,4.3,5.5,0.772,0.6,4.1,4.7,5.5,1.6,0.3,3.3,2.3,17.7,,2014,2013-14
40.0,Kemba Walker,23.0,CHA,PG,73.0,73.0,35.8,6.2,15.7,0.393,1.5,4.5,0.333,4.7,11.2,0.417,0.441,3.9,4.6,0.837,0.5,3.7,4.2,6.1,1.2,0.4,2.3,1.8,17.7,,2014,2013-14
41.0,Ty Lawson,26.0,DEN,PG,62.0,61.0,35.8,5.6,13.0,0.431,1.2,3.3,0.356,4.4,9.7,0.455,0.475,5.2,6.5,0.798,0.6,2.8,3.5,8.8,1.6,0.2,3.2,1.8,17.6,,2014,2013-14
42.0,Nikola Peković,28.0,MIN,C,54.0,54.0,30.8,7.0,13.0,0.541,0.0,0.0,,7.0,13.0,0.541,0.541,3.4,4.6,0.747,3.8,4.9,8.7,0.9,0.6,0.4,1.6,2.4,17.5,,2014,2013-14
43.0,Pau Gasol,33.0,LAL,C,60.0,60.0,31.4,7.1,14.8,0.48,0.1,0.2,0.286,7.0,14.5,0.483,0.482,3.1,4.2,0.736,2.1,7.6,9.7,3.4,0.5,1.5,2.4,2.1,17.4,,2014,2013-14
44.0,Zach Randolph,32.0,MEM,PF,79.0,79.0,34.2,7.1,15.2,0.467,0.0,0.3,0.1,7.1,14.9,0.474,0.468,3.2,4.3,0.742,3.4,6.7,10.1,2.5,0.7,0.3,2.3,2.7,17.4,,2014,2013-14
45.0,Mike Conley,26.0,MEM,PG,73.0,73.0,33.5,6.3,14.1,0.45,1.4,4.0,0.361,4.9,10.1,0.484,0.5,3.1,3.8,0.815,0.6,2.4,2.9,6.0,1.5,0.2,2.1,1.9,17.2,MVP-17,2014,2013-14
46.0,Bradley Beal,20.0,WAS,SG,73.0,73.0,34.7,6.6,15.7,0.419,1.9,4.7,0.402,4.7,11.0,0.426,0.479,2.0,2.6,0.788,0.7,3.0,3.7,3.3,1.0,0.2,1.8,2.1,17.1,,2014,2013-14
47.0,Jeff Green,27.0,BOS,SF,82.0,82.0,34.2,5.9,14.3,0.412,1.6,4.8,0.341,4.2,9.5,0.448,0.469,3.5,4.3,0.795,0.7,4.0,4.6,1.7,0.7,0.6,2.0,2.2,16.9,,2014,2013-14
48.0,Michael Carter-Williams,22.0,PHI,PG,70.0,70.0,34.5,6.1,15.1,0.405,0.8,3.0,0.264,5.3,12.1,0.44,0.431,3.7,5.2,0.703,1.4,4.8,6.2,6.3,1.9,0.6,3.5,3.0,16.7,ROY-1,2014,2013-14
49.0,Tony Parker,31.0,SAS,PG,68.0,68.0,29.4,6.7,13.4,0.499,0.4,1.0,0.373,6.3,12.5,0.509,0.513,2.9,3.6,0.811,0.3,2.0,2.3,5.7,0.5,0.1,2.2,1.3,16.7,"MVP-12,AS,NBA2",2014,2013-14
50.0,Chandler Parsons,25.0,HOU,SF,74.0,74.0,37.6,6.3,13.3,0.472,1.8,4.7,0.37,4.5,8.6,0.528,0.538,2.2,3.0,0.742,0.9,4.6,5.5,4.0,1.2,0.4,1.9,2.3,16.6,,2014,2013-14
51.0,Jeff Teague,25.0,ATL,PG,79.0,79.0,32.2,5.8,13.2,0.438,0.9,2.8,0.329,4.8,10.3,0.469,0.474,4.0,4.8,0.846,0.4,2.2,2.6,6.7,1.1,0.2,2.9,2.0,16.5,,2014,2013-14
52.0,Wesley Matthews,27.0,POR,SG,82.0,82.0,33.9,5.4,12.3,0.441,2.5,6.2,0.393,3.0,6.1,0.49,0.541,3.1,3.7,0.837,0.6,2.9,3.5,2.4,0.9,0.2,1.3,2.1,16.4,,2014,2013-14
53.0,Josh Smith,28.0,DET,SF,77.0,76.0,35.5,6.7,16.0,0.419,0.9,3.4,0.264,5.8,12.6,0.462,0.448,2.1,3.9,0.532,1.3,5.4,6.8,3.3,1.4,1.4,2.6,2.6,16.4,,2014,2013-14
54.0,Chris Bosh,29.0,MIA,C,79.0,79.0,32.0,6.2,12.1,0.516,0.9,2.8,0.339,5.3,9.3,0.569,0.555,2.8,3.4,0.82,1.2,5.4,6.6,1.1,1.0,1.0,1.6,2.4,16.2,AS,2014,2013-14
55.0,Gordon Hayward,23.0,UTA,SF,77.0,77.0,36.4,5.5,13.4,0.413,1.1,3.6,0.304,4.4,9.8,0.453,0.454,4.0,4.9,0.816,0.8,4.3,5.1,5.2,1.4,0.5,2.8,2.0,16.2,,2014,2013-14
56.0,Luol Deng,28.0,2TM,SF,63.0,63.0,35.1,5.9,13.7,0.431,0.9,3.0,0.302,5.0,10.7,0.468,0.465,3.4,4.3,0.791,1.6,4.2,5.7,2.9,1.0,0.1,1.8,1.8,16.0,,2014,2013-14
56.0,Luol Deng,28.0,CHI,SF,23.0,23.0,37.4,7.0,15.4,0.452,0.7,2.7,0.274,6.2,12.7,0.49,0.476,4.4,5.4,0.815,1.7,5.1,6.9,3.7,1.0,0.2,2.6,2.3,19.0,,2014,2013-14
56.0,Luol Deng,28.0,CLE,SF,40.0,40.0,33.8,5.3,12.7,0.417,1.0,3.2,0.315,4.3,9.5,0.451,0.457,2.8,3.6,0.771,1.5,3.6,5.1,2.5,1.0,0.1,1.4,1.5,14.3,,2014,2013-14
57.0,Derrick Rose,25.0,CHI,PG,10.0,10.0,31.1,5.8,16.4,0.354,1.6,4.7,0.34,4.2,11.7,0.359,0.402,2.7,3.2,0.844,0.9,2.3,3.2,4.3,0.5,0.1,3.4,1.5,15.9,,2014,2013-14
58.0,Dion Waiters,22.0,CLE,SG,70.0,24.0,29.6,6.1,14.2,0.433,1.3,3.6,0.368,4.8,10.6,0.455,0.479,2.3,3.4,0.685,0.5,2.3,2.8,3.0,0.9,0.2,2.2,2.2,15.9,6MOY-8,2014,2013-14
59.0,Gerald Green,28.0,PHO,SG,82.0,48.0,28.4,5.5,12.3,0.445,2.5,6.2,0.4,3.0,6.0,0.492,0.547,2.4,2.8,0.848,0.6,2.8,3.4,1.5,0.9,0.5,1.8,2.7,15.8,,2014,2013-14
60.0,Joe Johnson,32.0,BRK,SG,79.0,79.0,32.6,5.8,12.9,0.454,2.1,5.1,0.401,3.8,7.8,0.489,0.533,2.0,2.5,0.815,0.6,2.8,3.4,2.7,0.6,0.1,1.5,1.6,15.8,AS,2014,2013-14
61.0,Jodie Meeks,26.0,LAL,SG,77.0,70.0,33.2,5.4,11.6,0.463,2.1,5.2,0.401,3.3,6.3,0.514,0.554,2.9,3.4,0.857,0.4,2.1,2.5,1.8,1.4,0.1,1.4,1.5,15.7,,2014,2013-14
62.0,Brandon Jennings,24.0,DET,PG,80.0,79.0,34.1,5.3,14.2,0.373,1.9,5.7,0.337,3.4,8.5,0.397,0.441,3.0,4.0,0.751,0.7,2.3,3.1,7.6,1.3,0.1,2.7,2.0,15.5,,2014,2013-14
63.0,Eric Gordon,25.0,NOP,SG,64.0,64.0,32.1,5.6,12.8,0.436,1.6,4.0,0.391,4.0,8.7,0.456,0.498,2.7,3.5,0.785,0.5,2.1,2.6,3.3,1.2,0.2,2.1,1.8,15.4,,2014,2013-14
64.0,Greg Monroe,23.0,DET,PF,82.0,82.0,32.8,6.1,12.4,0.497,0.0,0.0,0.0,6.1,12.4,0.497,0.497,2.9,4.5,0.657,3.1,6.1,9.3,2.1,1.1,0.6,2.0,2.5,15.2,,2014,2013-14
65.0,JJ Redick,29.0,LAC,SG,35.0,34.0,28.2,5.2,11.4,0.455,2.1,5.3,0.395,3.1,6.1,0.507,0.546,2.8,3.0,0.915,0.3,1.9,2.1,2.2,0.8,0.1,1.2,1.9,15.2,,2014,2013-14
66.0,Tim Duncan,37.0,SAS,C,74.0,74.0,29.2,6.0,12.2,0.49,0.0,0.1,0.0,6.0,12.2,0.493,0.49,3.1,4.3,0.731,2.1,7.6,9.7,3.0,0.6,1.9,2.1,1.8,15.1,"MVP-12,DPOY-13",2014,2013-14
67.0,Serge Ibaka,24.0,OKC,PF,81.0,81.0,32.9,6.5,12.1,0.536,0.3,0.7,0.383,6.2,11.3,0.546,0.548,1.9,2.5,0.784,2.8,6.0,8.8,1.0,0.5,2.7,1.5,2.9,15.1,"DPOY-4,DEF1",2014,2013-14
68.0,Avery Bradley,23.0,BOS,SG,60.0,58.0,30.9,6.0,13.8,0.438,1.3,3.3,0.395,4.7,10.4,0.451,0.485,1.5,1.9,0.804,0.8,3.0,3.8,1.4,1.1,0.2,1.6,2.4,14.9,,2014,2013-14
69.0,Marc Gasol,29.0,MEM,C,59.0,59.0,33.4,5.7,12.1,0.473,0.0,0.2,0.182,5.7,11.9,0.477,0.474,3.1,4.1,0.768,1.4,5.8,7.2,3.6,1.0,1.3,1.9,2.5,14.6,DPOY-15,2014,2013-14
70.0,Tobias Harris,21.0,ORL,PF,61.0,36.0,30.3,5.4,11.7,0.464,0.5,2.1,0.254,4.9,9.7,0.508,0.486,3.2,4.0,0.807,1.4,5.5,7.0,1.3,0.7,0.4,1.3,2.3,14.6,,2014,2013-14
71.0,Tyreke Evans,24.0,NOP,SF,72.0,22.0,28.2,5.4,12.5,0.436,0.3,1.3,0.221,5.1,11.1,0.461,0.448,3.3,4.3,0.771,1.1,3.7,4.7,5.0,1.2,0.3,2.4,2.2,14.5,,2014,2013-14
72.0,J.R. Smith,28.0,NYK,SF,74.0,37.0,32.7,5.4,12.9,0.415,2.6,6.5,0.394,2.8,6.4,0.436,0.514,1.2,1.9,0.652,0.5,3.5,4.0,3.0,0.9,0.3,1.5,2.6,14.5,,2014,2013-14
73.0,Trevor Ariza,28.0,WAS,SF,77.0,77.0,35.4,5.1,11.1,0.456,2.3,5.7,0.407,2.7,5.3,0.509,0.562,1.9,2.5,0.772,1.3,4.9,6.2,2.5,1.6,0.3,1.7,2.3,14.4,DPOY-15,2014,2013-14
74.0,Jrue Holiday,23.0,NOP,PG,34.0,34.0,33.6,6.0,13.4,0.447,0.9,2.3,0.39,5.1,11.1,0.459,0.48,1.5,1.9,0.81,0.8,3.4,4.2,7.9,1.6,0.4,3.1,2.7,14.3,,2014,2013-14
75.0,Deron Williams,29.0,BRK,PG,64.0,58.0,32.2,5.0,11.2,0.45,1.5,4.2,0.366,3.5,7.0,0.5,0.518,2.7,3.4,0.801,0.2,2.4,2.6,6.1,1.5,0.2,2.2,2.3,14.3,,2014,2013-14
76.0,Nenê,31.0,WAS,PF,53.0,37.0,29.4,5.6,11.2,0.503,0.0,0.1,0.2,5.6,11.1,0.506,0.504,2.9,5.0,0.583,1.2,4.3,5.5,2.9,1.2,0.9,2.2,3.1,14.2,,2014,2013-14
77.0,Nikola Vučević,23.0,ORL,C,57.0,57.0,31.8,6.2,12.2,0.507,0.0,0.0,,6.2,12.2,0.507,0.507,1.8,2.4,0.766,3.2,7.7,11.0,1.8,1.1,0.8,2.0,3.0,14.2,,2014,2013-14
78.0,Evan Turner,25.0,2TM,SF,81.0,56.0,30.3,5.4,12.6,0.425,0.6,1.9,0.321,4.7,10.7,0.444,0.45,2.6,3.2,0.813,0.8,4.3,5.0,3.2,0.8,0.1,2.3,2.4,14.0,,2014,2013-14
78.0,Evan Turner,25.0,PHI,SF,54.0,54.0,34.9,6.6,15.4,0.428,0.7,2.4,0.288,5.9,12.9,0.455,0.451,3.5,4.2,0.829,0.9,5.0,6.0,3.7,1.0,0.1,2.9,2.7,17.4,,2014,2013-14
78.0,Evan Turner,25.0,IND,SF,27.0,2.0,21.1,2.9,7.0,0.411,0.4,0.9,0.5,2.4,6.1,0.398,0.442,0.9,1.3,0.706,0.4,2.7,3.2,2.4,0.4,0.1,1.3,1.8,7.1,,2014,2013-14
79.0,Alec Burks,22.0,UTA,SG,78.0,12.0,28.1,4.9,10.7,0.457,0.6,1.8,0.35,4.2,8.8,0.48,0.487,3.6,4.8,0.748,0.8,2.5,3.3,2.7,0.9,0.2,1.9,2.4,14.0,,2014,2013-14
80.0,Gerald Henderson,26.0,CHA,SG,77.0,77.0,32.0,5.2,12.1,0.433,0.5,1.5,0.348,4.7,10.6,0.445,0.455,3.1,4.0,0.761,0.4,3.6,4.0,2.6,0.7,0.4,1.5,2.1,14.0,,2014,2013-14
81.0,David West,33.0,IND,PF,80.0,80.0,30.9,5.7,11.7,0.488,0.1,0.2,0.267,5.7,11.6,0.491,0.49,2.5,3.1,0.789,1.5,5.3,6.8,2.8,0.8,0.9,1.7,2.3,14.0,,2014,2013-14
82.0,Rodney Stuckey,27.0,DET,SG,73.0,5.0,26.7,5.1,11.7,0.436,0.3,1.2,0.273,4.8,10.5,0.455,0.45,3.3,4.0,0.836,0.5,1.8,2.3,2.1,0.7,0.1,1.7,1.8,13.9,,2014,2013-14
83.0,Kobe Bryant,35.0,LAL,SG,6.0,6.0,29.5,5.2,12.2,0.425,0.5,2.7,0.188,4.7,9.5,0.491,0.445,3.0,3.5,0.857,0.3,4.0,4.3,6.3,1.2,0.2,5.7,1.5,13.8,AS,2014,2013-14
84.0,Markieff Morris,24.0,PHO,PF,81.0,0.0,26.6,5.1,10.4,0.486,0.4,1.3,0.315,4.7,9.1,0.512,0.507,3.2,4.0,0.792,1.7,4.3,6.0,1.8,0.8,0.6,1.8,2.9,13.8,6MOY-4,2014,2013-14
85.0,Victor Oladipo,21.0,ORL,PG,80.0,44.0,31.1,4.9,11.7,0.419,0.9,2.8,0.327,4.0,8.9,0.448,0.458,3.1,4.0,0.78,0.5,3.6,4.1,4.1,1.6,0.5,3.2,2.6,13.8,ROY-2,2014,2013-14
86.0,Lance Stephenson,23.0,IND,SG,78.0,78.0,35.3,5.5,11.2,0.491,1.1,3.1,0.352,4.4,8.0,0.545,0.54,1.8,2.5,0.711,1.2,5.9,7.2,4.6,0.7,0.1,2.7,2.5,13.8,,2014,2013-14
87.0,Carlos Boozer,32.0,CHI,PF,76.0,76.0,28.2,5.9,12.9,0.456,0.0,0.0,0.0,5.9,12.9,0.457,0.456,1.9,2.5,0.767,1.8,6.5,8.3,1.6,0.7,0.3,2.0,2.8,13.7,,2014,2013-14
88.0,Kenneth Faried,24.0,DEN,PF,80.0,77.0,27.2,5.6,10.3,0.545,0.0,0.0,0.0,5.6,10.2,0.547,0.545,2.5,3.9,0.65,3.0,5.6,8.6,1.2,0.9,0.9,1.7,2.4,13.7,,2014,2013-14
89.0,Wilson Chandler,26.0,DEN,SF,62.0,55.0,31.1,5.0,11.9,0.416,2.0,5.7,0.348,3.0,6.2,0.478,0.499,1.8,2.5,0.724,0.9,3.8,4.7,1.8,0.7,0.5,1.3,3.1,13.6,,2014,2013-14
90.0,Andre Drummond,20.0,DET,C,81.0,81.0,32.3,5.9,9.5,0.623,0.0,0.0,0.0,5.9,9.5,0.625,0.623,1.7,4.0,0.418,5.4,7.8,13.2,0.4,1.2,1.6,1.4,3.4,13.5,,2014,2013-14
91.0,Paul Pierce,36.0,BRK,SF,75.0,68.0,28.0,4.3,9.5,0.451,1.5,4.0,0.373,2.8,5.5,0.507,0.529,3.4,4.1,0.826,0.3,4.3,4.6,2.4,1.1,0.4,2.0,2.5,13.5,,2014,2013-14
92.0,Andrea Bargnani,28.0,NYK,C,42.0,39.0,29.9,5.3,12.0,0.442,0.7,2.6,0.278,4.6,9.4,0.487,0.472,2.0,2.4,0.824,1.6,3.6,5.3,1.1,0.3,1.2,1.4,2.4,13.3,,2014,2013-14
93.0,Derrick Favors,22.0,UTA,PF,73.0,73.0,30.2,5.3,10.2,0.522,0.0,0.0,0.0,5.3,10.2,0.523,0.522,2.6,3.9,0.669,2.7,6.0,8.7,1.2,1.0,1.5,1.8,3.2,13.3,,2014,2013-14
94.0,Jared Sullinger,21.0,BOS,PF,74.0,44.0,27.6,5.2,12.1,0.427,0.8,2.8,0.269,4.4,9.3,0.475,0.458,2.1,2.7,0.778,3.3,4.9,8.1,1.6,0.5,0.7,1.6,3.4,13.3,,2014,2013-14
95.0,Spencer Hawes,25.0,2TM,C,80.0,78.0,30.9,5.0,11.0,0.456,1.6,3.9,0.416,3.4,7.2,0.478,0.529,1.5,1.9,0.783,1.6,6.6,8.3,3.0,0.6,1.2,2.2,3.0,13.2,,2014,2013-14
95.0,Spencer Hawes,25.0,PHI,C,53.0,53.0,31.4,5.0,11.1,0.451,1.5,3.8,0.399,3.5,7.2,0.478,0.52,1.5,1.9,0.782,1.7,6.9,8.5,3.3,0.6,1.3,2.2,2.9,13.0,,2014,2013-14
95.0,Spencer Hawes,25.0,CLE,C,27.0,25.0,29.8,5.1,11.0,0.468,1.7,3.9,0.448,3.4,7.1,0.479,0.547,1.5,1.9,0.784,1.6,6.1,7.7,2.4,0.5,1.0,2.0,3.1,13.5,,2014,2013-14
96.0,Randy Foye,30.0,DEN,SG,81.0,78.0,30.7,4.5,10.8,0.413,2.3,6.1,0.38,2.1,4.7,0.456,0.521,1.9,2.3,0.849,0.4,2.4,2.9,3.5,0.8,0.5,1.8,2.5,13.2,,2014,2013-14
97.0,Marcin Gortat,29.0,WAS,C,81.0,80.0,32.8,5.6,10.4,0.542,0.0,0.0,1.0,5.6,10.4,0.541,0.542,1.9,2.8,0.686,2.5,7.0,9.5,1.7,0.5,1.5,1.6,2.5,13.2,,2014,2013-14
98.0,D.J. Augustin,26.0,2TM,PG,71.0,9.0,27.3,4.2,10.1,0.415,1.9,4.7,0.401,2.3,5.4,0.427,0.508,2.8,3.2,0.885,0.2,1.6,1.8,4.4,0.7,0.0,1.8,2.1,13.1,6MOY-7,2014,2013-14
98.0,D.J. Augustin,26.0,TOR,PG,10.0,0.0,8.2,0.7,2.4,0.292,0.1,1.1,0.091,0.6,1.3,0.462,0.313,0.6,0.6,1.0,0.0,0.4,0.4,1.0,0.1,0.0,0.9,0.7,2.1,,2014,2013-14
98.0,D.J. Augustin,26.0,CHI,PG,61.0,9.0,30.4,4.8,11.4,0.419,2.2,5.3,0.411,2.6,6.1,0.426,0.514,3.2,3.6,0.882,0.2,1.8,2.1,5.0,0.9,0.0,1.9,2.3,14.9,,2014,2013-14
99.0,Jimmy Butler,24.0,CHI,SG,67.0,67.0,38.7,4.1,10.3,0.397,1.0,3.6,0.283,3.1,6.8,0.457,0.446,3.9,5.0,0.769,1.3,3.6,4.9,2.6,1.9,0.5,1.5,1.6,13.1,DEF2,2014,2013-14
100.0,Reggie Jackson,23.0,OKC,PG,80.0,36.0,28.5,5.0,11.5,0.44,1.0,3.1,0.339,4.0,8.4,0.477,0.485,2.0,2.2,0.893,0.5,3.4,3.9,4.1,1.1,0.1,2.1,1.8,13.1,6MOY-5,2014,2013-14
101.0,Nicolas Batum,25.0,POR,SF,82.0,82.0,36.0,4.6,10.0,0.465,1.8,4.9,0.361,2.9,5.1,0.566,0.554,2.0,2.5,0.803,1.4,6.0,7.5,5.1,0.9,0.7,2.5,1.9,13.0,,2014,2013-14
102.0,Taj Gibson,28.0,CHI,PF,82.0,8.0,28.7,5.2,10.9,0.479,0.0,0.1,0.0,5.2,10.8,0.483,0.479,2.6,3.4,0.751,2.4,4.4,6.8,1.1,0.5,1.4,1.8,2.5,13.0,6MOY-2,2014,2013-14
103.0,Tony Wroten,20.0,PHI,PG,72.0,16.0,24.5,4.8,11.2,0.427,0.6,2.6,0.213,4.2,8.6,0.492,0.452,2.9,4.5,0.641,1.0,2.2,3.2,3.0,1.1,0.2,2.8,2.1,13.0,,2014,2013-14
104.0,Trey Burke,21.0,UTA,PG,70.0,68.0,32.3,4.9,12.8,0.38,1.6,4.8,0.33,3.3,8.0,0.41,0.442,1.5,1.6,0.903,0.5,2.4,3.0,5.7,0.6,0.1,1.9,2.1,12.8,ROY-3,2014,2013-14
105.0,Kawhi Leonard,22.0,SAS,SF,66.0,65.0,29.1,5.1,9.8,0.522,1.0,2.8,0.379,4.1,7.0,0.579,0.576,1.5,1.9,0.802,1.2,5.1,6.2,2.0,1.7,0.8,1.2,1.9,12.8,"DPOY-11,DEF2",2014,2013-14
106.0,Joakim Noah,28.0,CHI,C,80.0,80.0,35.3,4.8,10.0,0.475,0.0,0.0,0.0,4.8,10.0,0.476,0.475,3.1,4.2,0.737,3.5,7.7,11.3,5.4,1.2,1.5,2.4,3.1,12.6,"MVP-4,DPOY-1,AS,NBA1,DEF1",2014,2013-14
107.0,Jeremy Lin,25.0,HOU,PG,71.0,33.0,28.9,4.2,9.3,0.446,1.2,3.2,0.358,3.0,6.1,0.492,0.508,3.1,3.7,0.823,0.5,2.2,2.6,4.1,1.0,0.4,2.5,2.3,12.5,,2014,2013-14
108.0,Ramon Sessions,27.0,2TM,PG,83.0,19.0,26.7,4.0,9.3,0.429,0.4,1.5,0.282,3.6,7.8,0.457,0.452,3.9,4.9,0.807,0.5,2.0,2.4,4.1,0.6,0.1,1.8,1.1,12.3,,2014,2013-14
108.0,Ramon Sessions,27.0,CHA,PG,55.0,7.0,23.7,3.5,8.5,0.409,0.3,1.2,0.221,3.2,7.2,0.441,0.425,3.3,4.3,0.782,0.4,1.7,2.1,3.7,0.6,0.1,1.7,0.9,10.5,,2014,2013-14
108.0,Ramon Sessions,27.0,MIL,PG,28.0,12.0,32.5,5.0,10.9,0.461,0.7,2.0,0.357,4.3,8.9,0.484,0.493,5.1,6.1,0.841,0.6,2.5,3.1,4.8,0.6,0.1,2.0,1.4,15.8,,2014,2013-14
109.0,Corey Brewer,27.0,MIN,SF,81.0,81.0,32.2,4.8,10.0,0.481,0.7,2.6,0.28,4.1,7.4,0.552,0.517,2.0,2.8,0.718,0.8,1.8,2.6,1.7,1.9,0.4,1.3,2.6,12.3,,2014,2013-14
110.0,Enes Freedom,21.0,UTA,C,80.0,37.0,26.7,5.2,10.7,0.491,0.0,0.0,0.0,5.2,10.7,0.492,0.491,1.9,2.6,0.73,2.8,4.7,7.5,0.9,0.4,0.5,1.8,2.9,12.3,6MOY-8,2014,2013-14
111.0,Manu Ginóbili,36.0,SAS,SG,68.0,3.0,22.8,4.3,9.2,0.469,1.3,3.8,0.349,3.0,5.4,0.553,0.541,2.4,2.8,0.851,0.4,2.5,3.0,4.3,1.0,0.3,2.0,1.9,12.3,6MOY-3,2014,2013-14
112.0,Terrence Jones,22.0,HOU,PF,76.0,71.0,27.3,5.1,9.4,0.542,0.4,1.3,0.307,4.7,8.0,0.581,0.564,1.6,2.6,0.605,2.1,4.8,6.9,1.1,0.7,1.3,0.9,1.8,12.1,,2014,2013-14
113.0,Khris Middleton,22.0,MIL,SF,82.0,64.0,30.0,4.6,10.4,0.44,1.5,3.5,0.414,3.1,6.9,0.454,0.511,1.4,1.7,0.861,0.7,3.0,3.8,2.1,1.0,0.2,1.5,3.0,12.1,,2014,2013-14
114.0,Jameer Nelson,31.0,ORL,PG,68.0,68.0,32.0,4.3,11.0,0.394,2.0,5.8,0.348,2.3,5.2,0.444,0.485,1.4,1.6,0.857,0.4,3.0,3.4,7.0,0.8,0.1,2.4,2.1,12.1,,2014,2013-14
115.0,Kyle Korver,32.0,ATL,SG,71.0,71.0,33.9,4.1,8.6,0.475,2.6,5.5,0.472,1.5,3.1,0.479,0.626,1.2,1.3,0.926,0.3,3.7,4.0,2.9,1.0,0.3,1.4,2.1,12.0,,2014,2013-14
116.0,Vince Carter,37.0,DAL,SG,81.0,0.0,24.4,4.1,10.0,0.407,1.8,4.6,0.394,2.3,5.4,0.418,0.497,2.0,2.4,0.821,0.8,2.7,3.5,2.6,0.8,0.4,1.3,2.6,11.9,6MOY-6,2014,2013-14
117.0,Amar'e Stoudemire,31.0,NYK,C,65.0,21.0,22.6,4.8,8.6,0.557,0.0,0.0,,4.8,8.6,0.557,0.557,2.3,3.1,0.739,1.7,3.2,4.9,0.5,0.4,0.6,1.4,2.4,11.9,,2014,2013-14
118.0,J.J. Hickson,25.0,DEN,PF,69.0,52.0,26.9,4.8,9.5,0.508,0.0,0.1,0.0,4.8,9.4,0.514,0.508,2.2,4.2,0.517,3.0,6.2,9.2,1.4,0.7,0.7,1.9,2.6,11.8,,2014,2013-14
119.0,O.J. Mayo,26.0,MIL,SG,52.0,23.0,25.9,4.3,10.6,0.407,1.6,4.4,0.37,2.7,6.2,0.433,0.484,1.5,1.7,0.864,0.5,1.9,2.4,2.2,0.5,0.3,1.8,2.1,11.7,,2014,2013-14
120.0,Rajon Rondo,27.0,BOS,PG,30.0,30.0,33.3,4.7,11.7,0.403,0.9,3.0,0.289,3.8,8.7,0.442,0.44,1.4,2.2,0.627,0.7,4.7,5.5,9.8,1.3,0.1,3.3,2.2,11.7,,2014,2013-14
121.0,Tristan Thompson,22.0,CLE,PF,82.0,82.0,31.6,4.4,9.3,0.477,0.0,0.0,0.0,4.4,9.3,0.478,0.477,2.9,4.1,0.693,3.3,5.9,9.2,0.9,0.5,0.4,1.3,2.3,11.7,,2014,2013-14
122.0,Marco Belinelli,27.0,SAS,SF,80.0,25.0,25.2,4.2,8.7,0.485,1.6,3.7,0.43,2.6,5.0,0.525,0.576,1.4,1.6,0.847,0.2,2.6,2.8,2.2,0.6,0.1,1.2,1.6,11.4,6MOY-11,2014,2013-14
123.0,José Calderón,32.0,DAL,PG,81.0,81.0,30.5,4.2,9.2,0.456,2.4,5.2,0.449,1.9,4.0,0.464,0.584,0.6,0.8,0.825,0.4,2.0,2.4,4.7,0.9,0.1,1.3,1.7,11.4,,2014,2013-14
124.0,Darren Collison,26.0,LAC,PG,80.0,35.0,25.9,4.1,8.7,0.467,0.9,2.4,0.376,3.2,6.3,0.501,0.518,2.4,2.8,0.857,0.6,1.8,2.4,3.7,1.2,0.2,1.7,1.9,11.4,,2014,2013-14
125.0,Mike Dunleavy,33.0,CHI,SF,82.0,61.0,31.5,4.1,9.4,0.43,1.5,4.0,0.38,2.6,5.5,0.467,0.51,1.7,2.0,0.854,0.6,3.6,4.2,2.3,0.8,0.6,1.3,2.0,11.3,,2014,2013-14
126.0,Jonas Valančiūnas,21.0,TOR,C,81.0,81.0,28.2,4.4,8.3,0.531,0.0,0.0,0.0,4.4,8.3,0.532,0.531,2.4,3.2,0.762,2.8,6.0,8.8,0.7,0.3,0.9,1.7,3.1,11.3,,2014,2013-14
127.0,Andray Blatche,27.0,BRK,PF,73.0,7.0,22.2,4.4,9.2,0.476,0.2,0.7,0.278,4.2,8.5,0.494,0.487,2.2,3.0,0.742,1.6,3.7,5.3,1.5,1.0,0.5,1.5,2.3,11.2,6MOY-13,2014,2013-14
128.0,Ersan İlyasova,26.0,MIL,PF,55.0,47.0,26.9,4.3,10.5,0.409,0.7,2.4,0.282,3.6,8.1,0.446,0.441,1.9,2.4,0.823,1.9,4.3,6.2,1.3,0.8,0.1,1.1,2.5,11.2,,2014,2013-14
129.0,Brandon Bass,28.0,BOS,PF,82.0,73.0,27.6,4.3,8.8,0.486,0.0,0.1,0.333,4.3,8.8,0.487,0.487,2.5,2.9,0.858,2.0,3.8,5.7,1.1,0.4,0.9,1.2,2.3,11.1,,2014,2013-14
130.0,DeMarre Carroll,27.0,ATL,SF,73.0,73.0,32.1,4.1,8.8,0.47,1.3,3.7,0.362,2.8,5.1,0.548,0.546,1.5,1.9,0.773,1.5,4.1,5.5,1.8,1.5,0.3,1.1,2.6,11.1,,2014,2013-14
131.0,Channing Frye,30.0,PHO,PF,82.0,82.0,28.2,4.1,9.5,0.432,2.0,5.3,0.37,2.1,4.2,0.509,0.535,1.0,1.2,0.821,0.9,4.2,5.1,1.2,0.7,0.8,1.1,3.0,11.1,,2014,2013-14
132.0,John Henson,23.0,MIL,PF,70.0,23.0,26.5,4.9,9.1,0.538,0.0,0.0,0.0,4.9,9.1,0.539,0.538,1.3,2.5,0.514,2.4,4.7,7.1,1.6,0.6,1.7,1.6,2.6,11.1,,2014,2013-14
133.0,Robin Lopez,25.0,POR,C,82.0,82.0,31.7,4.3,7.9,0.551,0.0,0.0,0.0,4.3,7.8,0.552,0.551,2.4,3.0,0.818,4.0,4.6,8.5,0.9,0.3,1.7,1.0,2.4,11.1,,2014,2013-14
134.0,Jordan Crawford,25.0,2TM,PG,81.0,35.0,23.0,4.0,9.7,0.415,1.1,3.5,0.316,2.9,6.2,0.471,0.472,1.8,2.1,0.864,0.3,1.9,2.3,3.5,0.6,0.1,1.7,1.5,11.0,,2014,2013-14
134.0,Jordan Crawford,25.0,BOS,PG,39.0,35.0,30.7,4.8,11.7,0.413,1.3,4.0,0.318,3.5,7.6,0.463,0.468,2.8,3.2,0.873,0.5,2.6,3.1,5.7,0.9,0.1,2.2,1.9,13.7,,2014,2013-14
134.0,Jordan Crawford,25.0,GSW,SG,42.0,0.0,15.7,3.3,7.9,0.417,1.0,3.0,0.313,2.4,4.9,0.483,0.477,0.9,1.0,0.837,0.2,1.3,1.5,1.4,0.3,0.0,1.2,1.0,8.4,,2014,2013-14
135.0,Terrence Ross,22.0,TOR,SG,81.0,62.0,26.7,3.9,9.3,0.423,2.0,5.0,0.395,1.9,4.2,0.458,0.531,1.0,1.2,0.837,0.5,2.6,3.1,1.0,0.8,0.3,1.1,2.3,10.9,,2014,2013-14
136.0,Roy Hibbert,27.0,IND,C,81.0,81.0,29.7,4.1,9.3,0.439,0.0,0.1,0.4,4.1,9.2,0.439,0.44,2.6,3.3,0.77,2.5,4.1,6.6,1.1,0.4,2.2,1.8,3.3,10.8,"DPOY-2,AS,DEF2",2014,2013-14
137.0,Gary Neal,29.0,2TM,SG,52.0,3.0,21.4,3.7,9.1,0.41,1.3,3.5,0.378,2.4,5.6,0.43,0.482,1.8,2.0,0.895,0.2,1.5,1.7,1.6,0.3,0.0,1.2,1.3,10.5,,2014,2013-14
137.0,Gary Neal,29.0,MIL,SG,30.0,2.0,20.2,3.6,9.2,0.39,1.3,3.7,0.36,2.3,5.5,0.41,0.462,1.5,1.8,0.833,0.3,1.4,1.7,1.5,0.2,0.0,1.3,0.9,10.0,,2014,2013-14
137.0,Gary Neal,29.0,CHA,SG,22.0,1.0,23.0,3.9,8.8,0.438,1.3,3.1,0.406,2.6,5.7,0.456,0.51,2.2,2.3,0.961,0.1,1.7,1.8,1.7,0.5,0.0,1.1,1.8,11.2,,2014,2013-14
138.0,Caron Butler,33.0,2TM,SF,56.0,13.0,25.3,3.8,9.6,0.394,1.8,4.4,0.394,2.1,5.2,0.395,0.485,1.1,1.3,0.84,0.4,3.7,4.1,1.5,0.8,0.3,1.1,2.1,10.5,,2014,2013-14
138.0,Caron Butler,33.0,MIL,SF,34.0,13.0,24.1,4.0,10.4,0.387,1.6,4.3,0.361,2.5,6.1,0.406,0.462,1.4,1.6,0.839,0.5,4.2,4.6,1.6,0.7,0.3,1.5,1.9,11.0,,2014,2013-14
138.0,Caron Butler,33.0,OKC,SF,22.0,0.0,27.2,3.5,8.5,0.409,2.0,4.6,0.441,1.4,3.8,0.369,0.53,0.7,0.9,0.842,0.2,3.0,3.2,1.2,1.1,0.3,0.4,2.5,9.7,,2014,2013-14
139.0,Amir Johnson,26.0,TOR,PF,77.0,72.0,28.8,4.5,7.9,0.562,0.3,0.9,0.303,4.2,7.1,0.593,0.578,1.2,1.9,0.636,2.2,4.3,6.6,1.5,0.7,1.1,1.6,3.5,10.4,,2014,2013-14
140.0,DeAndre Jordan,25.0,LAC,C,82.0,82.0,35.0,4.2,6.3,0.676,0.0,0.0,,4.2,6.3,0.676,0.676,2.0,4.6,0.428,4.0,9.5,13.6,0.9,1.0,2.5,1.5,3.2,10.4,DPOY-3,2014,2013-14
141.0,Chris Kaman,31.0,LAL,C,39.0,13.0,18.9,4.5,8.9,0.509,0.0,0.1,0.0,4.5,8.8,0.513,0.509,1.3,1.7,0.765,1.4,4.5,5.9,1.5,0.3,1.0,1.9,2.4,10.4,,2014,2013-14
142.0,Shawn Marion,35.0,DAL,SF,76.0,76.0,31.7,4.5,9.3,0.482,0.8,2.1,0.358,3.7,7.2,0.518,0.523,0.7,0.9,0.785,1.7,4.8,6.5,1.6,1.2,0.5,1.3,1.6,10.4,,2014,2013-14
143.0,Nate Robinson,29.0,DEN,PG,44.0,1.0,19.7,3.7,8.7,0.428,1.3,3.5,0.377,2.4,5.2,0.463,0.504,1.6,1.9,0.835,0.5,1.4,1.8,2.5,0.8,0.1,1.3,2.1,10.4,,2014,2013-14
144.0,Lou Williams,27.0,ATL,PG,60.0,7.0,24.1,3.3,8.2,0.4,1.3,3.9,0.342,2.0,4.4,0.45,0.48,2.5,3.0,0.849,0.2,1.9,2.1,3.5,0.8,0.1,1.5,1.1,10.4,,2014,2013-14
145.0,George Hill,27.0,IND,PG,76.0,76.0,32.0,3.6,8.1,0.442,1.3,3.4,0.365,2.3,4.7,0.497,0.519,1.9,2.3,0.807,0.7,3.0,3.7,3.5,1.0,0.3,1.2,2.1,10.3,,2014,2013-14
146.0,Patrick Beverley,25.0,HOU,PG,56.0,55.0,31.3,3.6,8.6,0.414,1.6,4.6,0.361,1.9,4.0,0.473,0.509,1.5,1.8,0.814,1.3,2.2,3.5,2.7,1.4,0.4,1.2,3.1,10.2,"DPOY-17,DEF2",2014,2013-14
147.0,Tim Hardaway Jr.,21.0,NYK,SG,81.0,1.0,23.1,3.6,8.5,0.428,1.6,4.4,0.363,2.0,4.1,0.498,0.523,1.3,1.6,0.828,0.2,1.3,1.5,0.8,0.5,0.1,0.6,1.8,10.2,"ROY-5,6MOY-13",2014,2013-14
148.0,Patty Mills,25.0,SAS,PG,81.0,2.0,18.9,3.8,8.2,0.464,1.7,3.9,0.425,2.1,4.3,0.5,0.565,0.9,1.0,0.89,0.4,1.7,2.1,1.8,0.8,0.1,0.8,1.4,10.2,6MOY-13,2014,2013-14
149.0,James Anderson,24.0,PHI,SG,80.0,62.0,28.9,3.9,9.0,0.431,1.4,4.4,0.328,2.4,4.6,0.53,0.511,1.0,1.3,0.726,0.7,3.0,3.8,1.9,0.9,0.4,1.3,1.9,10.1,,2014,2013-14
150.0,Jordan Farmar,27.0,LAL,PG,41.0,5.0,22.2,3.7,8.9,0.415,1.7,3.9,0.438,2.0,5.0,0.397,0.511,1.1,1.4,0.746,0.5,2.0,2.5,4.9,0.9,0.2,2.3,1.6,10.1,,2014,2013-14
151.0,Richard Jefferson,33.0,UTA,SF,82.0,78.0,27.0,3.6,8.0,0.45,1.5,3.7,0.409,2.1,4.3,0.484,0.544,1.5,2.0,0.741,0.2,2.5,2.7,1.6,0.7,0.2,1.1,2.0,10.1,,2014,2013-14
152.0,Xavier Henry,22.0,LAL,SF,43.0,5.0,21.1,3.3,8.0,0.417,0.7,1.9,0.346,2.7,6.1,0.439,0.458,2.7,4.1,0.655,0.6,2.1,2.7,1.2,1.0,0.2,1.3,1.8,10.0,,2014,2013-14
153.0,Matt Barnes,33.0,LAC,SF,63.0,40.0,27.5,3.7,8.4,0.438,1.5,4.5,0.343,2.1,3.9,0.549,0.53,1.0,1.4,0.733,1.0,3.7,4.6,2.0,0.9,0.4,1.3,2.9,9.9,,2014,2013-14
154.0,C.J. Miles,26.0,CLE,SG,51.0,34.0,19.3,3.5,8.0,0.435,1.6,4.1,0.393,1.9,3.9,0.48,0.537,1.3,1.5,0.853,0.4,1.7,2.0,1.0,0.9,0.3,0.9,2.0,9.9,,2014,2013-14
155.0,Marcus Thornton,26.0,2TM,SG,72.0,27.0,24.2,3.5,8.9,0.394,1.5,4.4,0.345,2.0,4.5,0.443,0.48,1.3,1.6,0.804,0.8,2.0,2.8,1.1,0.8,0.2,0.9,1.5,9.8,,2014,2013-14
155.0,Marcus Thornton,26.0,SAC,SG,46.0,26.0,24.4,3.1,8.1,0.381,1.2,3.9,0.318,1.8,4.2,0.438,0.457,0.9,1.1,0.808,0.8,1.8,2.7,1.0,0.7,0.2,0.8,1.6,8.3,,2014,2013-14
155.0,Marcus Thornton,26.0,BRK,SG,26.0,1.0,23.8,4.2,10.2,0.414,2.0,5.3,0.38,2.2,5.0,0.45,0.511,1.8,2.3,0.8,0.7,2.2,2.8,1.2,1.0,0.1,1.1,1.4,12.3,,2014,2013-14
156.0,Mario Chalmers,27.0,MIA,PG,73.0,73.0,29.8,3.5,7.7,0.454,1.2,3.1,0.385,2.3,4.6,0.5,0.531,1.7,2.2,0.742,0.6,2.4,2.9,4.9,1.6,0.2,2.2,2.9,9.8,,2014,2013-14
157.0,Raymond Felton,29.0,NYK,PG,65.0,65.0,31.0,3.7,9.4,0.395,1.0,3.0,0.318,2.7,6.4,0.431,0.446,1.4,1.9,0.721,0.8,2.2,3.0,5.6,1.2,0.4,2.0,2.4,9.7,,2014,2013-14
158.0,Jordan Hill,26.0,LAL,PF,72.0,32.0,20.8,4.0,7.2,0.549,0.0,0.0,0.0,4.0,7.2,0.55,0.549,1.7,2.5,0.685,2.7,4.7,7.4,0.8,0.4,0.9,1.0,2.4,9.7,,2014,2013-14
159.0,Marcus Morris,24.0,PHO,SF,82.0,1.0,22.0,3.5,7.9,0.442,1.2,3.2,0.381,2.3,4.8,0.483,0.518,1.5,1.9,0.761,1.0,2.9,3.9,1.1,0.9,0.2,1.2,1.9,9.7,,2014,2013-14
160.0,Jason Smith,27.0,NOP,PF,31.0,27.0,26.8,4.2,9.1,0.465,0.0,0.0,,4.2,9.1,0.465,0.465,1.3,1.6,0.78,1.6,4.2,5.8,0.9,0.4,0.9,0.9,3.2,9.7,,2014,2013-14
161.0,Martell Webster,27.0,WAS,SF,78.0,13.0,27.7,3.3,7.5,0.433,1.9,4.8,0.392,1.4,2.8,0.502,0.557,1.3,1.6,0.84,0.5,2.4,2.8,1.2,0.5,0.2,0.7,1.9,9.7,,2014,2013-14
162.0,Mo Williams,31.0,POR,PG,74.0,0.0,24.8,3.8,9.1,0.417,1.1,3.0,0.369,2.7,6.0,0.441,0.478,1.1,1.2,0.876,0.6,1.5,2.1,4.3,0.7,0.1,2.0,2.7,9.7,6MOY-13,2014,2013-14
163.0,Courtney Lee,28.0,2TM,SG,79.0,47.0,25.0,3.7,7.8,0.48,0.9,2.5,0.371,2.8,5.3,0.531,0.539,1.3,1.4,0.884,0.4,2.0,2.4,1.5,0.8,0.4,0.9,1.6,9.6,,2014,2013-14
163.0,Courtney Lee,28.0,BOS,SG,30.0,0.0,16.8,3.0,6.1,0.492,0.8,1.7,0.442,2.2,4.4,0.511,0.555,0.6,0.7,0.818,0.3,1.4,1.6,1.1,0.7,0.3,0.8,1.2,7.4,,2014,2013-14
163.0,Courtney Lee,28.0,MEM,SG,49.0,47.0,30.0,4.2,8.8,0.476,1.0,2.9,0.345,3.2,5.9,0.54,0.532,1.7,1.8,0.9,0.4,2.4,2.8,1.7,0.9,0.4,1.0,1.8,11.0,,2014,2013-14
164.0,Greivis Vásquez,27.0,2TM,PG,79.0,23.0,22.5,3.5,8.3,0.421,1.4,3.7,0.377,2.1,4.7,0.455,0.504,1.2,1.4,0.88,0.3,1.9,2.2,4.1,0.4,0.1,1.6,1.8,9.6,6MOY-13,2014,2013-14
164.0,Greivis Vásquez,27.0,SAC,PG,18.0,18.0,25.8,3.6,8.3,0.433,0.9,2.8,0.32,2.7,5.6,0.49,0.487,1.7,1.8,0.938,0.3,1.6,1.9,5.3,0.3,0.1,1.5,2.1,9.8,,2014,2013-14
164.0,Greivis Vásquez,27.0,TOR,PG,61.0,5.0,21.5,3.5,8.3,0.417,1.5,3.9,0.389,2.0,4.4,0.442,0.509,1.1,1.2,0.855,0.2,2.0,2.3,3.7,0.4,0.1,1.7,1.7,9.5,,2014,2013-14
165.0,Ray Allen,38.0,MIA,SG,73.0,9.0,26.5,3.3,7.4,0.442,1.6,4.2,0.375,1.7,3.2,0.53,0.549,1.4,1.6,0.905,0.3,2.5,2.8,2.0,0.7,0.1,1.2,1.6,9.6,,2014,2013-14
166.0,Mike Scott,25.0,ATL,PF,80.0,6.0,18.5,3.8,7.9,0.479,0.8,2.5,0.31,3.0,5.4,0.558,0.529,1.3,1.7,0.78,0.8,2.8,3.6,0.9,0.4,0.1,1.0,1.5,9.6,,2014,2013-14
167.0,Kyle Singler,25.0,DET,SF,82.0,36.0,28.5,3.3,7.3,0.447,1.1,3.0,0.382,2.1,4.3,0.492,0.525,1.9,2.2,0.826,1.4,2.3,3.7,0.9,0.7,0.5,1.0,2.6,9.6,,2014,2013-14
168.0,Harrison Barnes,21.0,GSW,SF,78.0,24.0,28.3,3.5,8.7,0.399,0.8,2.4,0.347,2.6,6.3,0.419,0.448,1.7,2.3,0.718,0.8,3.1,4.0,1.5,0.8,0.3,1.1,2.0,9.5,,2014,2013-14
169.0,Jarrett Jack,30.0,CLE,PG,80.0,31.0,28.2,3.6,8.7,0.41,0.8,2.3,0.341,2.8,6.4,0.435,0.455,1.6,1.9,0.839,0.3,2.5,2.8,4.1,0.7,0.3,1.7,1.7,9.5,,2014,2013-14
170.0,Ricky Rubio,23.0,MIN,PG,82.0,82.0,32.2,3.1,8.2,0.381,0.5,1.6,0.331,2.6,6.5,0.393,0.413,2.8,3.5,0.802,0.7,3.4,4.2,8.6,2.3,0.1,2.7,2.7,9.5,,2014,2013-14
171.0,Glen Davis,28.0,2TM,PF,68.0,44.0,24.4,4.0,8.7,0.457,0.1,0.2,0.364,3.9,8.6,0.459,0.46,1.4,2.0,0.693,1.6,3.6,5.2,1.1,0.9,0.4,1.1,2.3,9.4,,2014,2013-14
171.0,Glen Davis,28.0,ORL,PF,45.0,43.0,30.1,5.2,11.4,0.453,0.1,0.2,0.4,5.1,11.2,0.454,0.457,1.7,2.5,0.675,1.9,4.3,6.3,1.6,1.0,0.5,1.3,2.5,12.1,,2014,2013-14
171.0,Glen Davis,28.0,LAC,PF,23.0,1.0,13.4,1.7,3.5,0.481,0.0,0.0,0.0,1.7,3.5,0.488,0.481,0.8,1.0,0.783,0.9,2.1,3.0,0.3,0.5,0.3,0.7,2.1,4.2,,2014,2013-14
172.0,Timofey Mozgov,27.0,DEN,C,82.0,30.0,21.6,3.5,6.6,0.523,0.0,0.3,0.167,3.4,6.4,0.539,0.527,2.4,3.2,0.754,2.1,4.4,6.4,0.8,0.3,1.2,1.5,2.6,9.4,6MOY-13,2014,2013-14
173.0,Brian Roberts,28.0,NOP,PG,72.0,42.0,23.2,3.4,8.1,0.42,0.9,2.5,0.36,2.5,5.6,0.447,0.475,1.7,1.8,0.94,0.2,1.7,1.9,3.3,0.6,0.1,1.3,1.8,9.4,,2014,2013-14
174.0,P.J. Tucker,28.0,PHO,SF,81.0,81.0,30.7,3.3,7.6,0.431,0.9,2.4,0.387,2.4,5.2,0.45,0.491,1.9,2.5,0.776,2.0,4.5,6.5,1.7,1.4,0.3,1.3,2.5,9.4,DPOY-12,2014,2013-14
175.0,Jerryd Bayless,25.0,2TM,PG,72.0,19.0,23.4,3.4,8.6,0.402,1.1,2.9,0.358,2.4,5.6,0.425,0.464,1.3,1.6,0.797,0.3,1.7,2.0,2.7,0.8,0.1,1.1,2.2,9.3,,2014,2013-14
175.0,Jerryd Bayless,25.0,MEM,PG,31.0,5.0,21.0,2.9,7.7,0.377,0.8,2.7,0.301,2.1,5.0,0.417,0.429,1.5,1.8,0.789,0.3,1.6,1.9,2.1,0.6,0.2,0.7,2.3,8.1,,2014,2013-14
175.0,Jerryd Bayless,25.0,BOS,PG,41.0,14.0,25.3,3.9,9.2,0.418,1.2,3.1,0.395,2.6,6.1,0.43,0.485,1.2,1.5,0.803,0.3,1.8,2.1,3.1,1.0,0.1,1.5,2.2,10.1,,2014,2013-14
176.0,Andre Iguodala,30.0,GSW,SF,63.0,63.0,32.4,3.5,7.3,0.48,1.0,2.8,0.354,2.5,4.5,0.558,0.548,1.4,2.1,0.652,0.8,3.8,4.7,4.2,1.5,0.3,1.6,1.6,9.3,"DPOY-5,DEF1",2014,2013-14
177.0,Boris Diaw,31.0,SAS,PF,79.0,24.0,25.0,3.8,7.3,0.521,0.6,1.4,0.402,3.3,5.9,0.549,0.559,0.9,1.2,0.739,0.9,3.2,4.1,2.8,0.6,0.4,1.5,1.8,9.1,,2014,2013-14
178.0,Danny Green,26.0,SAS,SG,68.0,59.0,24.3,3.2,7.4,0.432,1.9,4.7,0.415,1.3,2.8,0.46,0.562,0.7,0.9,0.794,0.4,3.0,3.4,1.5,1.0,0.9,1.1,1.6,9.1,,2014,2013-14
179.0,Kirk Hinrich,33.0,CHI,PG,73.0,61.0,29.0,3.3,8.5,0.393,1.2,3.3,0.351,2.2,5.2,0.419,0.461,1.3,1.7,0.76,0.4,2.2,2.6,3.9,1.1,0.4,1.6,2.8,9.1,,2014,2013-14
180.0,Wesley Johnson,26.0,LAL,SF,79.0,62.0,28.4,3.5,8.2,0.425,1.3,3.4,0.369,2.2,4.8,0.466,0.502,0.8,1.0,0.792,0.9,3.5,4.4,1.6,1.1,1.0,1.1,2.6,9.1,,2014,2013-14
181.0,Marvin Williams,27.0,UTA,PF,66.0,50.0,25.4,3.5,8.0,0.439,1.3,3.5,0.359,2.2,4.4,0.503,0.519,0.9,1.1,0.781,1.2,3.8,5.1,1.2,0.8,0.5,0.8,2.3,9.1,,2014,2013-14
182.0,Brandan Wright,26.0,DAL,C,58.0,0.0,18.6,3.9,5.7,0.677,0.0,0.0,,3.9,5.7,0.677,0.677,1.3,1.8,0.726,1.8,2.4,4.2,0.5,0.6,0.9,0.6,1.6,9.1,,2014,2013-14
183.0,Aaron Brooks,29.0,2TM,PG,72.0,12.0,21.6,3.2,8.1,0.401,1.3,3.4,0.387,1.9,4.6,0.411,0.484,1.2,1.3,0.874,0.6,1.3,1.9,3.2,0.7,0.2,1.6,2.0,9.0,,2014,2013-14
183.0,Aaron Brooks,29.0,HOU,PG,43.0,0.0,16.7,2.4,6.1,0.395,1.3,3.1,0.409,1.2,3.0,0.382,0.498,0.9,1.0,0.841,0.5,0.9,1.4,1.9,0.6,0.1,1.2,1.8,7.0,,2014,2013-14
183.0,Aaron Brooks,29.0,DEN,PG,29.0,12.0,29.0,4.4,11.0,0.406,1.4,4.0,0.362,3.0,7.0,0.431,0.472,1.6,1.8,0.902,0.7,2.0,2.7,5.2,0.9,0.2,2.3,2.4,11.9,,2014,2013-14
184.0,Tony Allen,32.0,MEM,SG,55.0,28.0,23.2,3.7,7.5,0.494,0.2,0.9,0.234,3.5,6.7,0.527,0.507,1.4,2.2,0.628,1.4,2.3,3.8,1.7,1.6,0.3,1.6,2.2,9.0,,2014,2013-14
185.0,Ben McLemore,20.0,SAC,SG,82.0,55.0,26.7,3.1,8.3,0.376,1.2,3.6,0.32,2.0,4.7,0.419,0.446,1.4,1.7,0.804,0.6,2.2,2.9,1.0,0.5,0.2,1.2,2.5,8.8,,2014,2013-14
186.0,Andrew Bynum,26.0,2TM,C,26.0,19.0,19.8,3.6,8.7,0.418,0.0,0.0,,3.6,8.7,0.418,0.418,1.4,1.9,0.755,2.0,3.5,5.6,1.1,0.2,1.1,1.3,1.2,8.7,,2014,2013-14
186.0,Andrew Bynum,26.0,CLE,C,24.0,19.0,20.0,3.5,8.5,0.419,0.0,0.0,,3.5,8.5,0.419,0.419,1.3,1.8,0.762,2.0,3.3,5.3,1.1,0.3,1.2,1.3,1.2,8.4,,2014,2013-14
186.0,Andrew Bynum,26.0,IND,C,2.0,0.0,18.0,4.5,11.0,0.409,0.0,0.0,,4.5,11.0,0.409,0.409,2.5,3.5,0.714,3.0,6.5,9.5,1.0,0.0,0.5,2.0,1.5,11.5,,2014,2013-14
187.0,Will Bynum,31.0,DET,PG,56.0,3.0,18.8,3.3,7.7,0.428,0.4,1.1,0.323,2.9,6.6,0.446,0.451,1.7,2.2,0.802,0.4,1.3,1.8,3.9,0.7,0.1,1.8,2.2,8.7,,2014,2013-14
188.0,Tyson Chandler,31.0,NYK,C,55.0,55.0,30.2,3.5,5.9,0.593,0.0,0.0,0.0,3.5,5.8,0.595,0.593,1.8,2.8,0.632,2.9,6.7,9.6,1.1,0.7,1.1,1.3,2.6,8.7,,2014,2013-14
189.0,Kelly Olynyk,22.0,BOS,C,70.0,9.0,20.0,3.3,7.2,0.466,0.6,1.6,0.351,2.8,5.5,0.5,0.506,1.4,1.7,0.811,2.0,3.2,5.2,1.6,0.5,0.4,1.5,3.2,8.7,,2014,2013-14
190.0,Mirza Teletović,28.0,BRK,SF,72.0,7.0,19.4,3.1,7.3,0.418,1.9,4.8,0.39,1.2,2.5,0.472,0.546,0.6,0.9,0.71,0.8,2.9,3.7,0.8,0.4,0.3,0.8,2.0,8.6,,2014,2013-14
191.0,Patrick Patterson,24.0,2TM,PF,65.0,13.0,23.6,3.5,7.5,0.46,0.8,2.3,0.364,2.6,5.2,0.503,0.516,0.8,1.1,0.704,1.8,3.5,5.3,1.2,0.8,0.6,1.0,2.4,8.5,,2014,2013-14
191.0,Patrick Patterson,24.0,SAC,PF,17.0,6.0,24.4,2.9,7.2,0.41,0.5,2.3,0.231,2.4,4.9,0.494,0.447,0.5,0.9,0.563,2.0,3.8,5.8,0.9,0.8,0.2,0.9,2.3,6.9,,2014,2013-14
191.0,Patrick Patterson,24.0,TOR,PF,48.0,7.0,23.3,3.6,7.6,0.477,1.0,2.3,0.411,2.7,5.3,0.506,0.54,0.9,1.1,0.745,1.7,3.3,5.1,1.3,0.9,0.7,1.0,2.5,9.1,,2014,2013-14
192.0,Jeremy Lamb,21.0,OKC,SG,78.0,0.0,19.7,3.4,7.8,0.432,1.1,3.2,0.356,2.2,4.6,0.483,0.504,0.7,0.8,0.797,0.3,2.1,2.4,1.5,0.7,0.3,0.8,1.8,8.5,,2014,2013-14
193.0,Josh McRoberts,26.0,CHA,PF,78.0,78.0,30.3,3.2,7.3,0.436,1.3,3.7,0.361,1.8,3.5,0.516,0.529,0.8,1.1,0.729,1.1,3.7,4.8,4.3,0.7,0.6,1.1,2.4,8.5,,2014,2013-14
194.0,J.J. Barea,29.0,MIN,PG,79.0,1.0,18.6,3.2,8.3,0.387,0.9,2.9,0.316,2.3,5.4,0.426,0.443,1.0,1.3,0.79,0.2,1.7,1.9,3.8,0.3,0.0,1.6,1.6,8.4,,2014,2013-14
195.0,Troy Daniels,22.0,HOU,SG,5.0,1.0,15.0,3.0,6.2,0.484,2.4,5.0,0.48,0.6,1.2,0.5,0.677,0.0,0.0,,0.0,0.8,0.8,1.0,0.0,0.0,0.6,1.2,8.4,,2014,2013-14
196.0,Evan Fournier,21.0,DEN,SG,76.0,4.0,19.8,3.0,7.2,0.419,1.2,3.1,0.376,1.8,4.0,0.453,0.501,1.2,1.6,0.756,0.4,2.2,2.7,1.5,0.4,0.1,1.3,2.4,8.4,,2014,2013-14
197.0,Kris Humphries,28.0,BOS,PF,69.0,30.0,19.9,3.3,6.7,0.501,0.0,0.0,0.0,3.3,6.7,0.503,0.501,1.7,2.1,0.813,1.8,4.1,5.9,1.0,0.4,0.9,0.9,2.0,8.4,,2014,2013-14
198.0,Anthony Morrow,28.0,NOP,SG,76.0,9.0,18.8,3.1,6.8,0.458,1.2,2.6,0.451,2.0,4.3,0.462,0.542,0.9,1.1,0.828,0.4,1.5,1.8,0.8,0.5,0.2,0.7,1.3,8.4,,2014,2013-14
199.0,Anderson Varejão,31.0,CLE,C,65.0,29.0,27.7,3.5,7.1,0.495,0.0,0.1,0.0,3.5,7.0,0.502,0.495,1.4,2.1,0.681,2.9,6.8,9.7,2.2,1.1,0.6,1.1,2.5,8.4,,2014,2013-14
200.0,Drew Gooden,32.0,WAS,C,22.0,0.0,18.0,3.5,6.5,0.531,0.3,0.8,0.412,3.1,5.7,0.548,0.556,1.1,1.2,0.889,1.7,3.5,5.2,0.7,0.5,0.3,0.8,2.4,8.3,,2014,2013-14
201.0,Shaun Livingston,28.0,BRK,PG,76.0,54.0,26.0,3.1,6.4,0.483,0.0,0.1,0.167,3.1,6.3,0.486,0.484,2.1,2.5,0.827,0.9,2.4,3.2,3.2,1.2,0.4,1.4,2.3,8.3,,2014,2013-14
202.0,Danny Granger,30.0,2TM,SF,41.0,2.0,20.7,2.8,7.5,0.378,1.0,3.1,0.336,1.8,4.4,0.408,0.448,1.5,1.6,0.94,0.8,2.5,3.2,1.0,0.3,0.4,1.1,1.5,8.2,,2014,2013-14
202.0,Danny Granger,30.0,IND,SF,29.0,2.0,22.5,2.8,7.7,0.359,1.1,3.2,0.33,1.7,4.4,0.38,0.428,1.8,1.8,0.962,0.8,2.8,3.6,1.1,0.3,0.4,1.2,1.4,8.3,,2014,2013-14
202.0,Danny Granger,30.0,LAC,SF,12.0,0.0,16.2,3.0,7.0,0.429,1.0,2.8,0.353,2.0,4.2,0.48,0.5,1.0,1.2,0.857,0.6,1.8,2.3,0.7,0.3,0.3,0.8,1.8,8.0,,2014,2013-14
203.0,Tiago Splitter,29.0,SAS,C,59.0,50.0,21.5,3.1,5.9,0.523,0.0,0.1,0.0,3.1,5.8,0.528,0.523,2.1,2.9,0.699,2.1,4.1,6.2,1.5,0.5,0.5,1.3,2.0,8.2,,2014,2013-14
204.0,Manny Harris,24.0,LAL,SG,9.0,0.0,20.0,3.1,7.8,0.4,0.8,2.2,0.35,2.3,5.6,0.42,0.45,1.1,1.3,0.833,0.8,3.0,3.8,1.2,0.4,0.1,1.0,1.1,8.1,,2014,2013-14
205.0,Miles Plumlee,25.0,PHO,C,80.0,79.0,24.6,3.6,6.9,0.517,0.0,0.0,,3.6,6.9,0.517,0.517,0.9,1.7,0.561,2.5,5.4,7.8,0.5,0.6,1.1,1.4,2.3,8.1,,2014,2013-14
206.0,Derrick Williams,22.0,2TM,SF,78.0,15.0,23.3,2.6,6.2,0.427,0.3,1.3,0.263,2.3,4.9,0.47,0.454,2.4,3.3,0.718,0.9,3.2,4.1,0.7,0.6,0.3,1.0,1.5,8.0,,2014,2013-14
206.0,Derrick Williams,22.0,MIN,PF,11.0,0.0,14.7,1.7,4.9,0.352,0.2,1.4,0.133,1.5,3.5,0.436,0.37,1.3,1.5,0.875,0.3,2.1,2.4,0.1,0.4,0.4,0.5,0.8,4.9,,2014,2013-14
206.0,Derrick Williams,22.0,SAC,SF,67.0,15.0,24.7,2.8,6.4,0.437,0.4,1.3,0.286,2.4,5.1,0.474,0.465,2.6,3.6,0.708,1.0,3.4,4.4,0.8,0.7,0.2,1.0,1.6,8.5,,2014,2013-14
207.0,Ryan Kelly,22.0,LAL,PF,59.0,25.0,22.2,2.7,6.3,0.423,0.8,2.4,0.338,1.8,3.9,0.476,0.488,1.9,2.3,0.815,0.7,3.0,3.7,1.6,0.5,0.8,0.8,2.5,8.0,,2014,2013-14
208.0,Kendall Marshall,22.0,LAL,PG,54.0,45.0,29.0,3.1,7.8,0.406,1.3,3.3,0.399,1.8,4.5,0.411,0.49,0.4,0.7,0.528,0.3,2.6,2.9,8.8,0.9,0.1,2.8,1.4,8.0,,2014,2013-14
209.0,Jeff Taylor,24.0,CHA,SF,26.0,8.0,24.2,3.2,8.4,0.376,0.7,2.6,0.269,2.5,5.8,0.424,0.417,1.0,1.8,0.553,0.6,1.7,2.3,0.8,0.5,0.2,1.0,2.4,8.0,,2014,2013-14
210.0,Michael Beasley,25.0,MIA,SF,55.0,2.0,15.1,3.2,6.5,0.499,0.4,1.0,0.389,2.8,5.5,0.518,0.528,1.1,1.4,0.772,0.6,2.6,3.1,0.8,0.4,0.4,1.0,1.7,7.9,,2014,2013-14
211.0,Devin Harris,30.0,DAL,PG,40.0,0.0,20.5,2.4,6.4,0.378,0.8,2.5,0.307,1.6,3.8,0.425,0.439,2.3,2.9,0.8,0.2,1.9,2.1,4.5,0.7,0.1,1.5,1.8,7.9,,2014,2013-14
212.0,Jermaine O'Neal,35.0,GSW,PF,44.0,13.0,20.1,2.8,5.6,0.504,0.0,0.0,,2.8,5.6,0.504,0.504,2.3,3.0,0.75,1.9,3.6,5.5,0.6,0.3,0.9,1.2,2.3,7.9,,2014,2013-14
213.0,Zaza Pachulia,29.0,MIL,C,53.0,43.0,25.0,2.8,6.6,0.427,0.0,0.0,0.0,2.8,6.6,0.428,0.427,2.1,2.5,0.846,2.7,3.6,6.3,2.6,0.8,0.3,1.7,2.3,7.7,,2014,2013-14
214.0,Austin Rivers,21.0,NOP,PG,69.0,4.0,19.4,2.8,6.9,0.405,0.5,1.4,0.364,2.3,5.4,0.416,0.443,1.6,2.5,0.636,0.4,1.5,1.9,2.3,0.7,0.1,1.1,1.9,7.7,,2014,2013-14
215.0,Larry Sanders,25.0,MIL,C,23.0,20.0,25.4,3.3,7.0,0.469,0.0,0.0,0.0,3.3,7.0,0.472,0.469,1.1,2.4,0.473,2.6,4.6,7.2,0.8,0.8,1.7,1.1,3.2,7.7,,2014,2013-14
216.0,Henry Sims,23.0,2TM,C,46.0,25.0,19.0,2.8,6.0,0.474,0.0,0.0,0.0,2.8,5.9,0.476,0.474,2.0,2.6,0.744,2.3,2.9,5.2,1.1,0.6,0.4,0.9,2.5,7.6,,2014,2013-14
216.0,Henry Sims,23.0,CLE,C,20.0,0.0,8.4,0.9,2.3,0.4,0.0,0.0,,0.9,2.3,0.4,0.4,0.4,0.7,0.571,1.1,1.7,2.8,0.3,0.3,0.4,0.4,1.6,2.2,,2014,2013-14
216.0,Henry Sims,23.0,PHI,C,26.0,25.0,27.2,4.3,8.8,0.489,0.0,0.0,0.0,4.3,8.8,0.491,0.489,3.2,4.1,0.766,3.2,3.8,7.0,1.8,0.9,0.5,1.3,3.2,11.8,,2014,2013-14
217.0,Luis Scola,33.0,IND,PF,82.0,2.0,17.1,3.2,6.8,0.47,0.0,0.1,0.143,3.2,6.7,0.474,0.471,1.2,1.7,0.728,1.0,3.7,4.8,1.0,0.3,0.2,1.3,2.0,7.6,,2014,2013-14
218.0,Leandro Barbosa,31.0,PHO,PG,20.0,0.0,18.4,2.8,6.6,0.427,0.4,1.3,0.28,2.5,5.3,0.462,0.454,1.6,2.0,0.795,0.3,1.6,1.9,1.6,0.4,0.2,1.0,1.5,7.5,,2014,2013-14
219.0,Shelvin Mack,23.0,ATL,PG,73.0,11.0,20.4,2.9,6.9,0.417,0.8,2.5,0.337,2.0,4.3,0.464,0.479,0.9,1.0,0.865,0.3,1.9,2.2,3.7,0.7,0.0,1.2,1.4,7.5,,2014,2013-14
220.0,Maurice Harkless,20.0,ORL,SF,80.0,41.0,24.4,2.8,6.0,0.464,0.7,1.9,0.383,2.1,4.1,0.502,0.525,1.1,1.8,0.594,0.9,2.4,3.3,1.0,1.2,0.6,1.1,1.8,7.4,,2014,2013-14
221.0,James Johnson,26.0,MEM,SF,52.0,4.0,18.4,2.8,5.9,0.464,0.4,1.7,0.253,2.3,4.3,0.548,0.5,1.5,1.7,0.844,1.2,2.0,3.2,2.1,0.8,1.1,1.3,2.0,7.4,,2014,2013-14
222.0,Mason Plumlee,23.0,BRK,C,70.0,22.0,18.2,2.8,4.3,0.659,0.0,0.0,0.0,2.8,4.3,0.666,0.659,1.7,2.8,0.626,1.4,3.0,4.4,0.9,0.7,0.8,1.1,2.4,7.4,ROY-4,2014,2013-14
223.0,Andrew Bogut,29.0,GSW,C,67.0,67.0,26.4,3.5,5.6,0.627,0.0,0.0,,3.5,5.6,0.627,0.627,0.3,1.0,0.344,2.7,7.3,10.0,1.7,0.7,1.8,1.4,3.1,7.3,DPOY-10,2014,2013-14
224.0,Al-Farouq Aminu,23.0,NOP,SF,80.0,65.0,25.6,2.9,6.2,0.474,0.2,0.6,0.271,2.8,5.6,0.496,0.487,1.1,1.7,0.664,1.6,4.6,6.2,1.4,1.0,0.5,1.1,1.8,7.2,,2014,2013-14
225.0,Alan Anderson,31.0,BRK,SF,78.0,26.0,22.7,2.5,6.2,0.4,1.1,3.2,0.339,1.4,3.0,0.464,0.487,1.2,1.5,0.78,0.5,1.7,2.2,1.0,0.6,0.1,0.8,1.9,7.2,,2014,2013-14
226.0,Michael Kidd-Gilchrist,20.0,CHA,SF,62.0,62.0,24.2,2.7,5.7,0.473,0.0,0.1,0.111,2.7,5.5,0.483,0.475,1.8,3.0,0.614,1.8,3.5,5.2,0.8,0.7,0.6,1.0,2.3,7.2,,2014,2013-14
227.0,Nate Wolters,22.0,MIL,PG,58.0,31.0,22.6,2.9,6.7,0.437,0.3,1.1,0.29,2.6,5.6,0.465,0.46,1.0,1.6,0.656,0.6,2.0,2.6,3.2,0.6,0.3,1.0,1.2,7.2,,2014,2013-14
228.0,Mike Miller,33.0,MEM,SF,82.0,4.0,20.8,2.6,5.4,0.481,1.3,2.8,0.459,1.3,2.6,0.505,0.602,0.6,0.7,0.821,0.4,2.2,2.5,1.6,0.3,0.1,0.9,1.2,7.1,,2014,2013-14
229.0,Jason Thompson,27.0,SAC,PF,82.0,61.0,24.5,3.1,6.0,0.506,0.0,0.0,,3.1,6.0,0.506,0.506,1.0,1.8,0.579,1.9,4.6,6.4,0.6,0.4,0.7,1.2,3.1,7.1,,2014,2013-14
230.0,Pero Antić,31.0,ATL,C,50.0,26.0,18.5,2.5,5.9,0.418,1.1,3.4,0.327,1.3,2.5,0.545,0.514,1.0,1.3,0.758,1.1,3.0,4.2,1.2,0.4,0.2,1.1,2.5,7.0,,2014,2013-14
231.0,JaVale McGee,26.0,DEN,C,5.0,5.0,15.8,3.4,7.6,0.447,0.0,0.0,,3.4,7.6,0.447,0.447,0.2,0.2,1.0,2.0,1.4,3.4,0.4,0.2,1.4,1.6,3.2,7.0,,2014,2013-14
232.0,Steve Blake,33.0,2TM,PG,55.0,28.0,27.2,2.4,6.4,0.377,1.4,3.8,0.376,1.0,2.6,0.378,0.489,0.6,0.8,0.767,0.2,2.7,2.9,5.6,1.0,0.1,1.9,1.5,6.9,,2014,2013-14
232.0,Steve Blake,33.0,LAL,PG,27.0,27.0,33.0,3.3,8.6,0.378,1.9,4.9,0.397,1.3,3.8,0.353,0.489,1.0,1.3,0.8,0.3,3.5,3.8,7.6,1.3,0.1,2.6,1.8,9.5,,2014,2013-14
232.0,Steve Blake,33.0,GSW,PG,28.0,1.0,21.7,1.6,4.3,0.375,1.0,2.8,0.342,0.6,1.5,0.439,0.488,0.2,0.3,0.625,0.2,1.8,2.0,3.6,0.7,0.2,1.1,1.3,4.4,,2014,2013-14
233.0,Omri Casspi,25.0,HOU,PF,71.0,2.0,18.1,2.4,5.8,0.422,0.9,2.5,0.347,1.6,3.3,0.479,0.496,1.2,1.7,0.68,0.8,2.9,3.7,1.2,0.6,0.2,1.0,1.4,6.9,,2014,2013-14
234.0,Chris Douglas-Roberts,27.0,CHA,SF,49.0,8.0,20.7,2.3,5.1,0.44,1.0,2.7,0.386,1.2,2.4,0.5,0.542,1.3,1.7,0.805,0.3,2.1,2.4,1.0,0.6,0.3,0.7,1.2,6.9,,2014,2013-14
235.0,Jared Dudley,28.0,LAC,SF,74.0,43.0,23.4,2.6,6.0,0.438,1.1,3.0,0.36,1.6,3.0,0.518,0.529,0.5,0.8,0.655,0.5,1.7,2.2,1.4,0.6,0.1,0.8,2.0,6.9,,2014,2013-14
236.0,Jeff Adrien,27.0,2TM,PF,53.0,12.0,18.1,2.7,5.2,0.52,0.0,0.0,,2.7,5.2,0.52,0.52,1.4,2.2,0.639,1.9,3.8,5.8,0.7,0.5,0.7,0.7,2.0,6.8,,2014,2013-14
236.0,Jeff Adrien,27.0,CHA,PF,25.0,0.0,10.2,0.9,1.6,0.55,0.0,0.0,,0.9,1.6,0.55,0.55,0.5,1.0,0.52,1.3,2.2,3.5,0.3,0.3,0.6,0.3,1.4,2.3,,2014,2013-14
236.0,Jeff Adrien,27.0,MIL,PF,28.0,12.0,25.2,4.3,8.4,0.515,0.0,0.0,,4.3,8.4,0.515,0.515,2.3,3.4,0.67,2.5,5.3,7.8,1.1,0.6,0.8,1.1,2.6,10.9,,2014,2013-14
237.0,Giannis Antetokounmpo,19.0,MIL,SF,77.0,23.0,24.6,2.2,5.4,0.414,0.5,1.5,0.347,1.7,3.9,0.44,0.463,1.8,2.6,0.683,1.0,3.4,4.4,1.9,0.8,0.8,1.6,2.2,6.8,ROY-7,2014,2013-14
238.0,Trevor Booker,26.0,WAS,PF,72.0,45.0,21.6,3.1,5.6,0.551,0.0,0.0,0.0,3.1,5.6,0.554,0.551,0.7,1.1,0.618,2.1,3.2,5.3,0.9,0.6,0.6,0.8,1.8,6.8,,2014,2013-14
239.0,Steve Nash,39.0,LAL,PG,15.0,10.0,20.9,2.4,6.3,0.383,0.5,1.6,0.333,1.9,4.7,0.4,0.426,1.5,1.6,0.917,0.3,1.7,1.9,5.7,0.5,0.1,2.1,1.2,6.8,,2014,2013-14
240.0,Jordan Hamilton,23.0,2TM,SF,60.0,12.0,17.0,2.5,6.3,0.391,1.2,3.3,0.354,1.3,3.0,0.433,0.484,0.7,0.9,0.784,0.5,2.7,3.2,0.9,0.7,0.3,0.8,1.1,6.7,,2014,2013-14
240.0,Jordan Hamilton,23.0,DEN,SF,39.0,11.0,17.2,2.5,6.5,0.39,1.2,3.3,0.349,1.4,3.2,0.432,0.478,0.6,0.8,0.742,0.6,2.8,3.4,0.9,0.8,0.3,0.7,0.8,6.8,,2014,2013-14
240.0,Jordan Hamilton,23.0,HOU,SF,21.0,1.0,16.6,2.3,5.8,0.393,1.2,3.3,0.362,1.1,2.5,0.434,0.496,0.8,1.0,0.85,0.4,2.5,2.9,0.9,0.6,0.3,0.9,1.7,6.6,,2014,2013-14
241.0,Chase Budinger,25.0,MIN,SF,41.0,8.0,18.3,2.4,6.2,0.394,1.0,2.9,0.35,1.4,3.3,0.433,0.476,0.8,1.0,0.821,0.5,2.0,2.5,0.8,0.5,0.0,0.6,1.4,6.7,,2014,2013-14
242.0,Iman Shumpert,23.0,NYK,SG,74.0,58.0,26.5,2.5,6.5,0.378,1.0,3.1,0.333,1.4,3.5,0.418,0.457,0.7,1.0,0.746,1.1,3.1,4.2,1.7,1.2,0.2,1.1,2.8,6.7,,2014,2013-14
243.0,Chris Andersen,35.0,MIA,C,72.0,0.0,19.4,2.5,3.8,0.644,0.0,0.2,0.25,2.4,3.7,0.662,0.649,1.7,2.3,0.71,1.8,3.5,5.3,0.3,0.4,1.3,0.7,2.3,6.6,6MOY-11,2014,2013-14
244.0,Samuel Dalembert,32.0,DAL,C,80.0,68.0,20.2,2.7,4.7,0.568,0.0,0.0,0.0,2.7,4.7,0.569,0.568,1.3,1.7,0.737,2.5,4.3,6.8,0.5,0.5,1.2,1.1,2.6,6.6,,2014,2013-14
245.0,Al Harrington,33.0,WAS,PF,34.0,0.0,15.0,2.4,6.1,0.396,1.0,2.9,0.34,1.4,3.1,0.449,0.478,0.8,1.0,0.771,0.4,1.9,2.4,0.8,0.4,0.0,1.0,2.1,6.6,,2014,2013-14
246.0,C.J. Watson,29.0,IND,PG,63.0,5.0,18.9,2.3,5.3,0.437,0.8,2.3,0.366,1.5,3.0,0.492,0.516,1.1,1.4,0.784,0.3,1.3,1.6,1.7,1.0,0.1,1.0,1.0,6.6,,2014,2013-14
247.0,Kevin Garnett,37.0,BRK,C,54.0,54.0,20.5,2.9,6.6,0.441,0.0,0.1,0.0,2.9,6.5,0.445,0.441,0.7,0.9,0.809,1.1,5.5,6.6,1.5,0.8,0.7,1.3,2.3,6.5,,2014,2013-14
248.0,DeJuan Blair,24.0,DAL,PF,78.0,13.0,15.6,2.7,5.0,0.534,0.0,0.0,0.0,2.7,5.0,0.537,0.534,1.0,1.6,0.636,1.8,2.9,4.7,0.9,0.8,0.3,1.0,2.5,6.4,,2014,2013-14
249.0,Norris Cole,25.0,MIA,PG,82.0,6.0,24.6,2.5,6.1,0.414,0.7,2.1,0.345,1.8,4.0,0.451,0.474,0.6,0.8,0.779,0.2,1.7,2.0,3.0,0.9,0.1,1.5,1.9,6.4,,2014,2013-14
250.0,Kosta Koufos,24.0,MEM,C,80.0,22.0,16.9,2.8,5.7,0.495,0.0,0.0,,2.8,5.7,0.495,0.495,0.8,1.2,0.645,2.0,3.2,5.2,0.5,0.4,0.9,0.8,2.3,6.4,,2014,2013-14
251.0,Marreese Speights,26.0,GSW,C,79.0,3.0,12.4,2.5,5.6,0.441,0.1,0.4,0.258,2.4,5.2,0.455,0.45,1.4,1.7,0.821,1.3,2.4,3.7,0.4,0.1,0.4,0.8,1.9,6.4,,2014,2013-14
252.0,Luke Babbitt,24.0,NOP,PF,27.0,2.0,17.5,2.2,5.7,0.39,1.3,3.5,0.379,0.9,2.2,0.407,0.506,0.5,0.7,0.778,0.7,2.6,3.3,1.1,0.3,0.4,0.6,1.9,6.3,,2014,2013-14
253.0,Dante Cunningham,26.0,MIN,PF,81.0,7.0,20.2,2.9,6.3,0.464,0.0,0.1,0.0,2.9,6.2,0.468,0.464,0.5,0.8,0.567,1.4,2.7,4.1,1.0,0.8,0.7,0.5,1.8,6.3,,2014,2013-14
254.0,Chris Johnson,23.0,BOS,SF,40.0,0.0,19.7,2.1,5.4,0.397,1.1,3.2,0.339,1.1,2.2,0.483,0.498,0.9,1.1,0.86,0.8,1.7,2.4,0.8,0.7,0.1,0.6,1.6,6.3,,2014,2013-14
255.0,E'Twaun Moore,24.0,ORL,SG,79.0,3.0,19.1,2.5,5.8,0.428,0.7,2.0,0.354,1.7,3.7,0.468,0.49,0.7,0.9,0.765,0.4,1.4,1.7,1.4,0.8,0.2,0.7,1.3,6.3,,2014,2013-14
256.0,Quincy Pondexter,25.0,MEM,SG,15.0,2.0,18.0,2.1,5.3,0.392,0.7,2.3,0.324,1.3,3.0,0.444,0.462,1.4,1.7,0.808,0.7,1.1,1.7,1.3,0.3,0.1,1.0,1.2,6.3,,2014,2013-14
257.0,Thabo Sefolosha,29.0,OKC,SG,61.0,61.0,26.0,2.3,5.6,0.415,0.8,2.5,0.316,1.5,3.1,0.495,0.485,0.9,1.1,0.768,0.8,2.8,3.6,1.5,1.3,0.3,0.9,1.5,6.3,,2014,2013-14
258.0,Draymond Green,23.0,GSW,SF,82.0,12.0,21.9,2.3,5.6,0.407,0.7,2.0,0.333,1.6,3.6,0.449,0.467,1.0,1.5,0.667,1.0,3.9,5.0,1.9,1.2,0.9,1.1,2.8,6.2,,2014,2013-14
259.0,Jon Leuer,24.0,MEM,PF,49.0,0.0,13.1,2.5,5.0,0.492,0.5,1.0,0.469,2.0,4.0,0.497,0.539,0.8,1.0,0.787,0.8,2.5,3.2,0.4,0.4,0.3,0.6,1.3,6.2,,2014,2013-14
260.0,Ray McCallum,22.0,SAC,PG,45.0,10.0,19.9,2.5,6.7,0.377,0.5,1.3,0.373,2.0,5.4,0.378,0.413,0.7,1.0,0.744,0.4,1.4,1.8,2.7,0.5,0.2,0.9,1.5,6.2,,2014,2013-14
261.0,Kyle O'Quinn,23.0,ORL,C,69.0,19.0,17.2,2.7,5.4,0.501,0.0,0.0,0.0,2.7,5.3,0.505,0.501,0.8,1.2,0.687,1.4,3.8,5.3,1.1,0.6,1.3,1.1,2.4,6.2,,2014,2013-14
262.0,Jeremy Evans,26.0,UTA,SF,66.0,4.0,18.3,2.7,5.0,0.527,0.0,0.0,0.0,2.7,5.0,0.53,0.527,0.8,1.1,0.68,1.8,2.9,4.7,0.7,0.6,0.7,0.6,2.1,6.1,,2014,2013-14
263.0,Anthony Tolliver,28.0,CHA,PF,64.0,9.0,20.3,2.0,4.8,0.42,1.6,3.9,0.413,0.4,0.9,0.45,0.586,0.5,0.6,0.805,0.5,2.1,2.6,0.7,0.3,0.2,0.4,1.3,6.1,,2014,2013-14
264.0,Kent Bazemore,24.0,2TM,SG,67.0,15.0,13.6,2.2,5.1,0.429,0.6,1.9,0.336,1.6,3.2,0.484,0.491,1.0,1.6,0.606,0.1,1.6,1.7,1.4,0.6,0.2,1.2,1.5,6.0,,2014,2013-14
264.0,Kent Bazemore,24.0,GSW,SG,44.0,0.0,6.1,0.8,2.2,0.371,0.2,0.9,0.256,0.6,1.3,0.448,0.423,0.4,0.8,0.528,0.1,0.8,0.9,0.5,0.3,0.1,0.6,1.0,2.3,,2014,2013-14
264.0,Kent Bazemore,24.0,LAL,SG,23.0,15.0,28.0,4.8,10.7,0.451,1.4,3.9,0.371,3.4,6.8,0.497,0.518,2.0,3.2,0.644,0.2,3.1,3.3,3.1,1.3,0.3,2.2,2.6,13.1,,2014,2013-14
265.0,Tayshaun Prince,33.0,MEM,SF,76.0,76.0,25.6,2.6,6.5,0.407,0.3,0.9,0.29,2.4,5.6,0.426,0.427,0.4,0.8,0.567,0.4,2.7,3.1,1.6,0.5,0.3,0.5,0.8,6.0,,2014,2013-14
266.0,Hollis Thompson,22.0,PHI,SF,77.0,41.0,22.6,2.2,4.8,0.46,0.9,2.2,0.401,1.4,2.7,0.507,0.55,0.7,0.9,0.712,0.9,2.3,3.2,0.9,0.7,0.2,0.8,1.9,6.0,,2014,2013-14
267.0,Elliot Williams,24.0,PHI,SG,67.0,2.0,17.3,2.1,5.0,0.415,0.6,1.9,0.296,1.5,3.2,0.486,0.47,1.3,1.8,0.731,0.4,1.5,1.9,1.1,0.5,0.0,1.0,1.9,6.0,,2014,2013-14
268.0,Chris Wright,25.0,MIL,SF,8.0,0.0,15.8,2.6,4.4,0.6,0.0,0.1,0.0,2.6,4.3,0.618,0.6,0.8,1.9,0.4,1.3,1.3,2.5,0.6,0.9,0.6,0.6,2.1,6.0,,2014,2013-14
269.0,Cody Zeller,21.0,CHA,C,82.0,3.0,17.3,2.1,4.9,0.426,0.0,0.0,0.0,2.1,4.9,0.427,0.426,1.8,2.4,0.73,1.4,2.9,4.3,1.1,0.5,0.5,1.1,2.1,6.0,,2014,2013-14
270.0,Alexis Ajinça,25.0,NOP,C,56.0,30.0,17.0,2.4,4.4,0.546,0.0,0.0,0.0,2.4,4.4,0.548,0.546,1.0,1.2,0.836,1.7,3.3,4.9,0.7,0.4,0.8,1.1,3.3,5.9,,2014,2013-14
271.0,Darrell Arthur,25.0,DEN,SF,68.0,1.0,17.1,2.4,6.0,0.395,0.4,0.9,0.375,2.0,5.1,0.399,0.424,0.8,0.9,0.855,0.8,2.3,3.1,0.9,0.6,0.7,0.9,2.7,5.9,,2014,2013-14
272.0,Kentavious Caldwell-Pope,20.0,DET,SG,80.0,41.0,19.8,2.3,5.8,0.396,0.7,2.3,0.319,1.5,3.4,0.447,0.46,0.6,0.8,0.77,0.5,1.5,2.0,0.7,0.9,0.2,0.4,1.8,5.9,,2014,2013-14
273.0,Ömer Aşık,27.0,HOU,C,48.0,19.0,20.2,2.1,4.0,0.532,0.0,0.0,,2.1,4.0,0.532,0.532,1.6,2.6,0.619,2.1,5.8,7.9,0.5,0.3,0.8,1.2,1.9,5.8,,2014,2013-14
274.0,Elton Brand,34.0,ATL,C,73.0,15.0,19.4,2.5,4.5,0.539,0.0,0.0,0.0,2.5,4.5,0.542,0.539,0.8,1.3,0.649,1.3,3.6,4.9,1.0,0.5,1.2,0.8,2.6,5.7,,2014,2013-14
275.0,Ed Davis,24.0,MEM,PF,63.0,4.0,15.2,2.5,4.6,0.534,0.0,0.0,,2.5,4.6,0.534,0.534,0.7,1.4,0.528,1.5,2.7,4.1,0.4,0.3,0.7,0.6,1.8,5.7,,2014,2013-14
276.0,Francisco García,32.0,HOU,SF,55.0,4.0,19.7,2.1,5.3,0.401,1.3,3.5,0.358,0.9,1.8,0.485,0.519,0.2,0.3,0.526,0.4,1.8,2.2,1.1,0.5,0.6,0.5,2.2,5.7,,2014,2013-14
277.0,Andrew Nicholson,24.0,ORL,PF,76.0,5.0,15.4,2.4,5.5,0.429,0.4,1.2,0.315,2.0,4.4,0.459,0.462,0.6,0.8,0.825,0.7,2.7,3.4,0.3,0.2,0.3,0.7,2.0,5.7,,2014,2013-14
278.0,Tyler Zeller,24.0,CLE,C,70.0,9.0,15.0,2.2,4.1,0.538,0.0,0.0,0.0,2.2,4.1,0.54,0.538,1.2,1.7,0.719,1.5,2.6,4.0,0.5,0.3,0.5,0.9,2.0,5.7,,2014,2013-14
279.0,Jimmer Fredette,24.0,2TM,SG,49.0,0.0,10.6,2.2,4.6,0.471,0.8,1.7,0.476,1.4,2.9,0.469,0.559,0.4,0.4,0.905,0.2,0.9,1.1,1.3,0.3,0.1,1.0,0.7,5.6,,2014,2013-14
279.0,Jimmer Fredette,24.0,SAC,SG,41.0,0.0,11.3,2.3,4.8,0.475,0.9,1.8,0.493,1.4,3.0,0.464,0.566,0.4,0.5,0.895,0.2,0.9,1.1,1.5,0.3,0.1,1.1,0.7,5.9,,2014,2013-14
279.0,Jimmer Fredette,24.0,CHI,SG,8.0,0.0,7.0,1.6,3.6,0.448,0.5,1.4,0.364,1.1,2.3,0.5,0.517,0.3,0.3,1.0,0.1,0.8,0.9,0.4,0.0,0.0,0.5,0.9,4.0,,2014,2013-14
280.0,Cartier Martin,29.0,2TM,SF,59.0,6.0,14.7,1.9,4.5,0.42,1.0,2.6,0.391,0.9,1.9,0.46,0.532,0.8,1.1,0.738,0.2,1.6,1.9,0.6,0.5,0.1,0.6,1.2,5.6,,2014,2013-14
280.0,Cartier Martin,29.0,ATL,SF,53.0,6.0,15.5,2.0,4.8,0.414,1.1,2.8,0.384,0.9,2.1,0.455,0.523,0.9,1.2,0.754,0.2,1.8,2.0,0.6,0.5,0.1,0.6,1.3,5.9,,2014,2013-14
280.0,Cartier Martin,29.0,CHI,SF,6.0,0.0,8.0,0.8,1.3,0.625,0.5,0.8,0.6,0.3,0.5,0.667,0.813,0.3,0.7,0.5,0.2,0.7,0.8,0.3,0.2,0.0,0.2,0.5,2.5,,2014,2013-14
281.0,Shawne Williams,27.0,LAL,PF,36.0,13.0,20.9,2.0,5.3,0.38,1.2,3.6,0.326,0.9,1.8,0.492,0.49,0.4,0.6,0.7,0.7,3.9,4.6,0.8,0.5,0.8,0.6,2.6,5.6,,2014,2013-14
282.0,Donatas Motiejūnas,23.0,HOU,PF,62.0,3.0,15.4,2.1,4.8,0.443,0.3,1.4,0.25,1.8,3.4,0.519,0.478,0.9,1.5,0.604,1.0,2.7,3.6,0.5,0.3,0.3,0.8,2.1,5.5,,2014,2013-14
283.0,Travis Outlaw,29.0,SAC,SF,63.0,4.0,16.9,2.1,5.2,0.399,0.7,1.9,0.35,1.4,3.3,0.426,0.462,0.7,0.8,0.808,0.6,2.1,2.7,0.8,0.3,0.3,0.4,1.5,5.4,,2014,2013-14
284.0,Robert Sacre,24.0,LAL,C,65.0,13.0,16.8,2.2,4.6,0.477,0.0,0.0,,2.2,4.6,0.477,0.477,1.0,1.4,0.681,1.3,2.6,3.9,0.8,0.4,0.7,0.7,2.1,5.4,,2014,2013-14
285.0,CJ McCollum,22.0,POR,SG,38.0,0.0,12.5,1.9,4.7,0.416,0.8,2.1,0.375,1.2,2.6,0.449,0.5,0.6,0.9,0.676,0.2,1.1,1.3,0.7,0.4,0.1,0.9,1.4,5.3,,2014,2013-14
286.0,Casper Ware,24.0,PHI,PG,9.0,0.0,12.9,2.0,4.7,0.429,0.8,2.3,0.333,1.2,2.3,0.524,0.512,0.6,0.7,0.833,0.0,1.0,1.0,1.1,0.9,0.0,0.6,1.2,5.3,,2014,2013-14
287.0,John Salmons,34.0,2TM,SF,78.0,8.0,22.1,1.9,5.3,0.363,0.8,2.1,0.387,1.1,3.2,0.348,0.439,0.5,0.7,0.769,0.3,1.8,2.1,1.9,0.6,0.2,0.7,1.6,5.2,,2014,2013-14
287.0,John Salmons,34.0,SAC,SF,18.0,8.0,24.7,2.3,6.5,0.35,0.9,2.3,0.381,1.4,4.2,0.333,0.419,0.4,0.4,1.0,0.4,2.1,2.6,2.4,0.7,0.4,0.8,1.8,5.8,,2014,2013-14
287.0,John Salmons,34.0,TOR,SG,60.0,0.0,21.4,1.8,4.9,0.368,0.8,2.0,0.388,1.0,2.9,0.354,0.448,0.6,0.8,0.733,0.2,1.8,2.0,1.7,0.6,0.2,0.7,1.5,5.0,,2014,2013-14
288.0,Derek Fisher,39.0,OKC,SG,81.0,0.0,17.6,1.7,4.5,0.391,1.1,2.8,0.384,0.7,1.6,0.402,0.512,0.7,0.9,0.775,0.1,1.4,1.5,1.4,0.9,0.0,0.6,1.9,5.2,,2014,2013-14
289.0,Ben Gordon,30.0,CHA,SG,19.0,0.0,14.7,1.9,5.7,0.343,0.4,1.5,0.276,1.5,4.2,0.367,0.38,0.9,1.1,0.81,0.2,1.3,1.4,1.1,0.5,0.1,1.1,0.9,5.2,,2014,2013-14
290.0,Gerald Wallace,31.0,BOS,SF,58.0,16.0,24.4,2.0,4.0,0.504,0.3,1.1,0.297,1.7,2.9,0.584,0.546,0.8,1.7,0.465,0.6,3.0,3.7,2.5,1.3,0.2,1.7,1.4,5.1,,2014,2013-14
291.0,Luke Ridnour,32.0,2TM,PG,61.0,14.0,18.7,2.1,5.4,0.385,0.6,1.8,0.343,1.5,3.6,0.406,0.442,0.3,0.4,0.654,0.4,1.2,1.6,2.9,0.5,0.1,1.1,1.5,5.0,,2014,2013-14
291.0,Luke Ridnour,32.0,MIL,PG,36.0,12.0,21.2,2.3,6.1,0.384,0.7,1.9,0.368,1.6,4.2,0.391,0.441,0.4,0.5,0.684,0.4,1.3,1.7,3.4,0.6,0.1,1.3,1.5,5.7,,2014,2013-14
291.0,Luke Ridnour,32.0,CHA,PG,25.0,2.0,15.1,1.7,4.3,0.389,0.5,1.6,0.3,1.2,2.7,0.441,0.444,0.2,0.3,0.571,0.3,1.1,1.4,2.2,0.4,0.2,0.8,1.5,4.0,,2014,2013-14
292.0,Willie Green,32.0,LAC,SG,55.0,9.0,15.8,1.9,4.9,0.376,0.7,2.2,0.339,1.1,2.7,0.407,0.452,0.5,0.6,0.824,0.2,1.2,1.4,0.9,0.4,0.2,0.6,1.7,5.0,,2014,2013-14
293.0,Cory Joseph,22.0,SAS,SG,68.0,19.0,13.8,1.9,3.9,0.475,0.2,0.6,0.316,1.7,3.3,0.502,0.498,1.2,1.4,0.823,0.5,1.1,1.6,1.7,0.5,0.2,0.6,1.2,5.0,,2014,2013-14
294.0,Andrei Kirilenko,32.0,BRK,PF,45.0,4.0,19.0,1.8,3.6,0.513,0.0,0.1,0.2,1.8,3.4,0.523,0.516,1.4,2.6,0.513,1.2,2.0,3.2,1.6,0.9,0.4,1.2,1.4,5.0,,2014,2013-14
295.0,Dorell Wright,28.0,POR,SF,68.0,13.0,14.5,1.6,4.4,0.374,1.0,3.0,0.342,0.6,1.4,0.442,0.49,0.8,1.0,0.754,0.4,2.4,2.8,0.9,0.3,0.2,0.6,0.9,5.0,,2014,2013-14
296.0,Andre Miller,37.0,2TM,SG,58.0,2.0,16.9,1.8,4.0,0.459,0.2,0.4,0.524,1.6,3.6,0.452,0.483,1.0,1.3,0.779,0.5,1.8,2.2,3.4,0.6,0.2,1.1,1.3,4.9,,2014,2013-14
296.0,Andre Miller,37.0,DEN,SG,30.0,2.0,19.0,2.2,4.8,0.458,0.3,0.6,0.5,1.9,4.2,0.452,0.49,1.2,1.6,0.745,0.5,1.9,2.4,3.3,0.5,0.2,1.1,1.1,5.9,,2014,2013-14
296.0,Andre Miller,37.0,WAS,SG,28.0,0.0,14.7,1.4,3.1,0.46,0.1,0.1,0.667,1.4,3.0,0.452,0.471,0.9,1.1,0.833,0.4,1.6,2.0,3.5,0.7,0.1,1.0,1.5,3.8,,2014,2013-14
297.0,Beno Udrih,31.0,2TM,SG,41.0,12.0,15.7,1.9,4.3,0.438,0.5,1.0,0.452,1.4,3.3,0.434,0.492,0.6,0.7,0.833,0.2,1.2,1.4,2.8,0.6,0.1,1.1,1.2,4.9,,2014,2013-14
297.0,Beno Udrih,31.0,NYK,SG,31.0,12.0,19.0,2.2,5.2,0.425,0.5,1.3,0.425,1.6,3.9,0.425,0.478,0.6,0.8,0.833,0.3,1.5,1.8,3.5,0.7,0.1,1.4,1.5,5.6,,2014,2013-14
297.0,Beno Udrih,31.0,MEM,SG,10.0,0.0,5.5,1.0,1.8,0.556,0.2,0.2,1.0,0.8,1.6,0.5,0.611,0.5,0.6,0.833,0.0,0.2,0.2,0.6,0.1,0.1,0.5,0.4,2.7,,2014,2013-14
298.0,Nick Calathes,24.0,MEM,SG,71.0,7.0,16.5,2.0,4.4,0.457,0.3,0.9,0.311,1.7,3.5,0.492,0.487,0.6,1.0,0.611,0.3,1.6,1.9,2.9,0.9,0.1,1.4,1.6,4.9,ROY-7,2014,2013-14
299.0,Tyler Hansbrough,28.0,TOR,PF,64.0,4.0,15.3,1.5,3.1,0.474,0.0,0.0,0.0,1.5,3.0,0.479,0.474,2.0,2.9,0.681,1.9,2.6,4.5,0.3,0.4,0.3,0.7,2.1,4.9,,2014,2013-14
300.0,James Jones,33.0,MIA,SF,20.0,6.0,11.8,1.6,3.4,0.456,1.4,2.7,0.519,0.2,0.7,0.214,0.662,0.4,0.6,0.636,0.1,1.1,1.2,0.5,0.2,0.2,0.2,0.3,4.9,,2014,2013-14
301.0,Quincy Miller,21.0,DEN,PF,52.0,16.0,15.2,1.8,4.9,0.367,0.6,1.8,0.319,1.2,3.1,0.395,0.426,0.8,1.1,0.709,0.7,2.1,2.8,0.5,0.4,0.6,0.9,1.3,4.9,,2014,2013-14
302.0,Earl Clark,26.0,2TM,PF,54.0,17.0,14.2,1.8,4.8,0.372,0.8,2.3,0.336,1.0,2.6,0.403,0.45,0.4,0.6,0.647,0.4,2.2,2.6,0.3,0.3,0.5,0.6,1.2,4.8,,2014,2013-14
302.0,Earl Clark,26.0,CLE,PF,45.0,17.0,15.5,2.0,5.3,0.375,0.9,2.6,0.345,1.1,2.8,0.403,0.458,0.3,0.5,0.583,0.4,2.4,2.8,0.4,0.4,0.4,0.7,1.4,5.2,,2014,2013-14
302.0,Earl Clark,26.0,NYK,PF,9.0,0.0,7.8,0.8,2.3,0.333,0.1,0.7,0.167,0.7,1.7,0.4,0.357,0.9,1.1,0.8,0.2,1.6,1.8,0.2,0.1,0.7,0.1,0.7,2.6,,2014,2013-14
303.0,Gorgui Dieng,24.0,MIN,C,60.0,15.0,13.6,1.9,3.8,0.498,0.0,0.0,1.0,1.9,3.8,0.496,0.5,1.0,1.6,0.634,1.7,3.3,5.0,0.7,0.5,0.8,0.9,1.8,4.8,ROY-6,2014,2013-14
304.0,Anthony Randolph,24.0,DEN,PF,43.0,5.0,12.3,1.6,4.1,0.386,0.4,1.4,0.295,1.2,2.7,0.435,0.438,1.2,1.6,0.754,0.5,2.4,2.8,0.7,0.6,0.4,0.9,1.5,4.8,,2014,2013-14
305.0,Thomas Robinson,22.0,POR,PF,70.0,0.0,12.5,2.0,4.2,0.481,0.0,0.0,0.0,2.0,4.2,0.483,0.481,0.8,1.4,0.564,1.5,2.9,4.4,0.5,0.3,0.3,0.8,1.9,4.8,,2014,2013-14
306.0,Ronny Turiaf,31.0,MIN,C,31.0,10.0,19.5,2.1,3.5,0.598,0.0,0.0,,2.1,3.5,0.598,0.598,0.7,1.6,0.42,1.8,3.8,5.6,0.8,0.3,1.6,0.8,2.1,4.8,,2014,2013-14
307.0,Metta World Peace,34.0,NYK,SF,29.0,1.0,13.4,1.9,4.9,0.397,0.6,1.9,0.315,1.3,3.0,0.448,0.457,0.3,0.6,0.625,0.6,1.4,2.0,0.6,0.8,0.3,0.7,1.5,4.8,,2014,2013-14
308.0,Lavoy Allen,24.0,2TM,PF,65.0,2.0,16.5,2.1,4.6,0.447,0.0,0.2,0.154,2.0,4.4,0.46,0.45,0.5,0.8,0.66,1.8,3.0,4.8,1.1,0.4,0.5,0.7,1.9,4.7,,2014,2013-14
308.0,Lavoy Allen,24.0,PHI,PF,51.0,2.0,18.8,2.3,5.2,0.44,0.0,0.3,0.154,2.3,5.0,0.455,0.444,0.5,0.8,0.675,2.1,3.4,5.4,1.3,0.4,0.5,0.8,2.3,5.2,,2014,2013-14
308.0,Lavoy Allen,24.0,IND,PF,14.0,0.0,8.0,1.2,2.4,0.5,0.0,0.0,,1.2,2.4,0.5,0.5,0.4,0.7,0.6,0.9,1.5,2.4,0.4,0.1,0.4,0.3,0.8,2.9,,2014,2013-14
309.0,Matthew Dellavedova,23.0,CLE,SG,72.0,4.0,17.7,1.7,4.1,0.412,0.8,2.2,0.368,0.9,2.0,0.461,0.508,0.5,0.7,0.792,0.4,1.3,1.7,2.6,0.5,0.1,0.8,1.7,4.7,,2014,2013-14
310.0,Jannero Pargo,34.0,CHA,PG,29.0,0.0,8.3,1.8,4.1,0.441,0.8,2.1,0.4,1.0,2.0,0.483,0.542,0.3,0.4,0.727,0.0,0.7,0.7,1.8,0.5,0.0,0.9,0.6,4.7,,2014,2013-14
311.0,Kevin Séraphin,24.0,WAS,C,53.0,1.0,10.9,2.1,4.2,0.505,0.0,0.0,,2.1,4.2,0.505,0.505,0.5,0.6,0.871,1.0,1.4,2.4,0.3,0.1,0.5,0.8,1.9,4.7,,2014,2013-14
312.0,Isaiah Canaan,22.0,HOU,PG,22.0,0.0,11.5,1.4,4.0,0.356,0.8,2.5,0.327,0.6,1.5,0.406,0.46,1.0,1.3,0.724,0.3,0.8,1.1,1.0,0.4,0.2,1.0,1.1,4.6,,2014,2013-14
313.0,Jae Crowder,23.0,DAL,SF,78.0,8.0,16.1,1.7,3.8,0.439,0.6,1.9,0.331,1.0,1.9,0.552,0.524,0.6,0.8,0.754,0.6,1.9,2.5,0.8,0.8,0.3,0.5,1.3,4.6,,2014,2013-14
314.0,Charlie Villanueva,29.0,DET,PF,20.0,0.0,9.0,1.8,4.6,0.38,0.7,2.8,0.25,1.1,1.8,0.583,0.457,0.4,0.7,0.571,0.3,1.4,1.7,0.3,0.2,0.3,0.4,0.8,4.6,,2014,2013-14
315.0,MarShon Brooks,25.0,3TM,SG,35.0,0.0,9.0,1.6,3.6,0.456,0.4,0.7,0.52,1.3,2.9,0.44,0.508,0.9,1.3,0.727,0.3,1.3,1.5,0.7,0.4,0.1,0.7,0.6,4.5,,2014,2013-14
315.0,MarShon Brooks,25.0,BOS,SG,10.0,0.0,7.3,0.9,2.4,0.375,0.2,0.4,0.5,0.7,2.0,0.35,0.417,1.1,1.4,0.786,0.1,1.8,1.9,0.4,0.1,0.1,0.7,0.5,3.1,,2014,2013-14
315.0,MarShon Brooks,25.0,GSW,SG,7.0,0.0,2.1,0.7,1.9,0.385,0.0,0.3,0.0,0.7,1.6,0.455,0.385,0.4,0.6,0.75,0.1,0.6,0.7,0.0,0.1,0.0,0.0,0.0,1.9,,2014,2013-14
315.0,MarShon Brooks,25.0,LAL,SG,18.0,0.0,12.7,2.4,4.9,0.489,0.6,1.1,0.579,1.8,3.8,0.464,0.551,1.0,1.4,0.692,0.4,1.2,1.7,1.2,0.7,0.2,0.9,0.9,6.4,,2014,2013-14
316.0,Rashard Lewis,34.0,MIA,SF,60.0,6.0,16.2,1.6,3.9,0.415,0.8,2.2,0.343,0.9,1.7,0.51,0.513,0.4,0.6,0.788,0.4,1.4,1.8,1.0,0.9,0.1,0.6,1.5,4.5,,2014,2013-14
317.0,Tony Snell,22.0,CHI,SG,77.0,12.0,16.0,1.7,4.4,0.384,0.7,2.3,0.32,0.9,2.1,0.456,0.469,0.4,0.5,0.756,0.2,1.4,1.6,0.9,0.4,0.2,0.6,1.1,4.5,,2014,2013-14
318.0,Jason Terry,36.0,BRK,PG,35.0,0.0,16.3,1.6,4.3,0.362,1.1,2.9,0.379,0.5,1.4,0.327,0.49,0.3,0.4,0.667,0.1,0.9,1.1,1.6,0.4,0.0,0.8,1.4,4.5,,2014,2013-14
319.0,Vítor Luiz Faverani,25.0,BOS,C,37.0,8.0,13.2,1.7,4.0,0.435,0.3,1.1,0.3,1.4,2.9,0.486,0.476,0.6,1.0,0.649,1.1,2.3,3.5,0.4,0.4,0.7,1.1,2.0,4.4,,2014,2013-14
320.0,Darius Miller,23.0,NOP,SF,45.0,7.0,16.1,1.6,3.7,0.44,0.6,1.7,0.325,1.1,2.0,0.539,0.515,0.6,0.8,0.806,0.2,1.0,1.2,1.0,0.5,0.2,0.5,2.0,4.4,,2014,2013-14
321.0,Gustavo Ayón,28.0,ATL,C,26.0,14.0,16.5,2.0,3.9,0.51,0.0,0.0,,2.0,3.9,0.51,0.51,0.3,0.8,0.4,1.6,3.2,4.8,1.1,1.0,0.4,1.1,1.8,4.3,,2014,2013-14
322.0,Kenyon Martin,36.0,NYK,PF,32.0,15.0,19.8,2.0,3.8,0.512,0.0,0.0,0.0,2.0,3.8,0.516,0.512,0.3,0.6,0.579,1.1,3.1,4.2,1.6,0.8,0.8,0.8,2.7,4.3,,2014,2013-14
323.0,Byron Mullens,24.0,2TM,C,45.0,0.0,9.2,1.6,3.7,0.442,0.7,2.0,0.371,0.9,1.7,0.526,0.542,0.2,0.4,0.5,0.5,1.5,2.0,0.3,0.3,0.2,0.6,1.4,4.2,,2014,2013-14
323.0,Byron Mullens,24.0,LAC,C,27.0,0.0,6.2,1.0,2.4,0.406,0.5,1.4,0.333,0.5,0.9,0.52,0.508,0.1,0.2,0.333,0.3,0.9,1.2,0.2,0.2,0.1,0.5,1.2,2.5,,2014,2013-14
323.0,Byron Mullens,24.0,PHI,C,18.0,0.0,13.7,2.6,5.6,0.465,1.1,2.8,0.4,1.5,2.8,0.529,0.564,0.4,0.8,0.571,0.9,2.4,3.3,0.4,0.5,0.4,0.8,1.7,6.8,,2014,2013-14
324.0,Anthony Bennett,20.0,CLE,PF,52.0,0.0,12.8,1.5,4.3,0.356,0.3,1.0,0.245,1.3,3.3,0.39,0.384,0.8,1.3,0.638,0.9,2.0,3.0,0.3,0.4,0.2,0.9,1.8,4.2,,2014,2013-14
325.0,Nick Collison,33.0,OKC,PF,81.0,0.0,16.7,1.7,3.0,0.556,0.0,0.2,0.235,1.6,2.8,0.58,0.564,0.8,1.1,0.71,1.4,2.2,3.6,1.3,0.4,0.3,0.9,2.3,4.2,,2014,2013-14
326.0,Mike Harris,30.0,UTA,PF,20.0,0.0,11.3,1.5,3.1,0.475,0.0,0.1,0.0,1.5,3.0,0.492,0.475,1.3,1.4,0.963,0.8,0.9,1.7,0.3,0.8,0.4,0.6,1.8,4.2,,2014,2013-14
327.0,Jonas Jerebko,26.0,DET,PF,64.0,0.0,11.6,1.5,3.3,0.471,0.5,1.2,0.419,1.0,2.1,0.5,0.546,0.7,0.9,0.729,0.8,1.9,2.7,0.6,0.3,0.1,0.7,1.3,4.2,,2014,2013-14
328.0,Carl Landry,30.0,SAC,PF,18.0,1.0,12.9,1.7,3.3,0.517,0.0,0.0,,1.7,3.3,0.517,0.517,0.8,0.9,0.824,0.8,2.3,3.2,0.3,0.2,0.1,0.5,1.9,4.2,,2014,2013-14
329.0,Jarvis Varnado,25.0,2TM,PF,24.0,0.0,14.1,1.5,2.5,0.6,0.0,0.0,,1.5,2.5,0.6,0.6,1.1,2.2,0.519,0.8,1.8,2.6,0.5,0.4,1.2,0.4,2.6,4.1,,2014,2013-14
329.0,Jarvis Varnado,25.0,CHI,PF,1.0,0.0,2.0,0.0,0.0,,0.0,0.0,,0.0,0.0,,,0.0,0.0,,0.0,0.0,0.0,0.0,0.0,0.0,0.0,1.0,0.0,,2014,2013-14
329.0,Jarvis Varnado,25.0,PHI,PF,23.0,0.0,14.7,1.6,2.6,0.6,0.0,0.0,,1.6,2.6,0.6,0.6,1.2,2.3,0.519,0.8,1.9,2.7,0.6,0.4,1.3,0.4,2.7,4.3,,2014,2013-14
330.0,Shane Battier,35.0,MIA,SF,73.0,56.0,20.1,1.4,3.8,0.382,1.0,2.9,0.348,0.4,0.9,0.492,0.515,0.2,0.3,0.652,0.5,1.4,1.9,0.9,0.7,0.5,0.3,1.7,4.1,,2014,2013-14
331.0,Jorge Gutiérrez,25.0,BRK,PG,15.0,2.0,16.3,1.7,3.6,0.463,0.2,0.8,0.25,1.5,2.8,0.524,0.491,0.6,0.8,0.75,0.2,1.3,1.5,2.0,0.7,0.1,0.9,2.5,4.1,,2014,2013-14
332.0,Darius Morris,23.0,3TM,PG,27.0,0.0,11.6,1.4,3.6,0.406,0.4,1.4,0.316,1.0,2.1,0.466,0.469,0.6,1.0,0.654,0.3,0.7,1.0,1.6,0.5,0.0,1.0,1.2,4.0,,2014,2013-14
332.0,Darius Morris,23.0,PHI,PG,12.0,0.0,16.1,2.4,5.6,0.433,0.8,2.0,0.417,1.6,3.6,0.442,0.507,1.3,1.8,0.714,0.3,0.8,1.1,2.6,0.7,0.0,1.6,1.8,6.9,,2014,2013-14
332.0,Darius Morris,23.0,LAC,PG,10.0,0.0,5.4,0.4,1.3,0.308,0.0,0.7,0.0,0.4,0.6,0.667,0.308,0.1,0.2,0.5,0.0,0.5,0.5,0.5,0.2,0.0,0.2,0.9,0.9,,2014,2013-14
332.0,Darius Morris,23.0,MEM,PG,5.0,0.0,13.2,1.2,3.2,0.375,0.4,1.4,0.286,0.8,1.8,0.444,0.438,0.2,0.6,0.333,0.8,0.8,1.6,1.6,0.6,0.0,1.2,0.6,3.0,,2014,2013-14
333.0,Reggie Evans,33.0,2TM,PF,54.0,20.0,16.6,1.3,2.8,0.473,0.0,0.0,,1.3,2.8,0.473,0.473,1.3,2.4,0.554,2.1,4.1,6.2,0.4,0.7,0.1,1.1,2.2,4.0,,2014,2013-14
333.0,Reggie Evans,33.0,BRK,PF,30.0,6.0,13.3,0.8,2.0,0.39,0.0,0.0,,0.8,2.0,0.39,0.39,1.2,2.2,0.538,1.8,3.2,5.0,0.2,0.4,0.1,0.9,1.8,2.7,,2014,2013-14
333.0,Reggie Evans,33.0,SAC,PF,24.0,14.0,20.8,2.0,3.8,0.527,0.0,0.0,,2.0,3.8,0.527,0.527,1.5,2.7,0.569,2.6,5.1,7.7,0.7,1.0,0.0,1.3,2.7,5.5,,2014,2013-14
334.0,Toney Douglas,27.0,2TM,PG,51.0,17.0,13.2,1.4,3.7,0.384,0.6,2.0,0.304,0.8,1.7,0.477,0.466,0.5,0.7,0.735,0.4,1.4,1.7,1.3,0.4,0.1,0.7,1.6,4.0,,2014,2013-14
334.0,Toney Douglas,27.0,GSW,PG,24.0,0.0,11.0,1.3,3.6,0.372,0.8,2.5,0.322,0.5,1.1,0.481,0.483,0.2,0.3,0.625,0.2,0.9,1.1,0.8,0.3,0.1,0.7,1.4,3.7,,2014,2013-14
334.0,Toney Douglas,27.0,MIA,PG,27.0,17.0,15.2,1.5,3.9,0.394,0.4,1.6,0.279,1.1,2.3,0.475,0.452,0.7,1.0,0.769,0.5,1.7,2.3,1.8,0.5,0.1,0.7,1.7,4.2,,2014,2013-14
335.0,Will Barton,23.0,POR,SG,41.0,0.0,9.4,1.6,3.8,0.417,0.2,0.8,0.303,1.3,3.0,0.447,0.449,0.6,0.8,0.813,0.4,1.4,1.8,0.8,0.2,0.2,0.4,0.8,4.0,,2014,2013-14
336.0,Alonzo Gee,26.0,CLE,SF,65.0,24.0,15.7,1.5,3.6,0.415,0.3,0.9,0.328,1.2,2.7,0.444,0.456,0.7,0.9,0.705,0.5,1.8,2.3,0.7,0.6,0.2,0.7,1.5,4.0,,2014,2013-14
337.0,Josh Powell,31.0,HOU,PF,1.0,0.0,19.0,2.0,6.0,0.333,0.0,0.0,,2.0,6.0,0.333,0.333,0.0,0.0,,0.0,5.0,5.0,0.0,0.0,1.0,1.0,1.0,4.0,,2014,2013-14
338.0,Alexey Shved,25.0,MIN,SG,63.0,0.0,10.5,1.2,3.8,0.321,0.5,1.6,0.294,0.7,2.1,0.341,0.384,1.1,1.4,0.756,0.3,1.0,1.3,1.1,0.4,0.3,0.8,0.6,4.0,,2014,2013-14
339.0,Shabazz Muhammad,21.0,MIN,SG,37.0,0.0,7.8,1.5,3.4,0.46,0.1,0.3,0.273,1.5,3.1,0.478,0.472,0.7,1.1,0.65,0.6,0.8,1.4,0.2,0.2,0.0,0.4,0.6,3.9,,2014,2013-14
340.0,Tyshawn Taylor,23.0,BRK,PG,23.0,3.0,11.7,1.3,4.0,0.341,0.1,0.5,0.25,1.2,3.4,0.354,0.357,1.0,1.3,0.8,0.1,0.5,0.7,1.6,0.5,0.0,1.3,1.3,3.9,,2014,2013-14
341.0,Nando De Colo,26.0,2TM,SG,47.0,3.0,10.5,1.4,3.3,0.418,0.4,1.1,0.34,1.0,2.1,0.46,0.477,0.7,0.7,0.886,0.3,1.3,1.6,1.4,0.5,0.1,0.7,1.0,3.8,,2014,2013-14
341.0,Nando De Colo,26.0,SAS,SG,26.0,3.0,11.6,1.6,3.6,0.452,0.4,1.2,0.323,1.2,2.4,0.516,0.505,0.7,0.8,0.818,0.2,1.5,1.7,1.2,0.6,0.1,0.8,1.0,4.3,,2014,2013-14
341.0,Nando De Colo,26.0,TOR,SG,21.0,0.0,9.2,1.0,2.9,0.367,0.4,1.0,0.364,0.7,1.8,0.368,0.433,0.6,0.6,1.0,0.4,1.0,1.3,1.6,0.3,0.1,0.7,1.1,3.1,,2014,2013-14
342.0,Chauncey Billups,37.0,DET,SG,19.0,7.0,16.3,1.3,4.2,0.304,0.7,2.5,0.292,0.5,1.6,0.323,0.392,0.5,0.6,0.833,0.2,1.3,1.5,2.2,0.4,0.1,1.3,1.3,3.8,,2014,2013-14
343.0,Udonis Haslem,33.0,MIA,PF,46.0,18.0,14.2,1.6,3.2,0.507,0.0,0.0,,1.6,3.2,0.507,0.507,0.5,1.0,0.568,0.9,2.9,3.8,0.3,0.2,0.3,0.5,1.7,3.8,,2014,2013-14
344.0,Antawn Jamison,37.0,LAC,PF,22.0,0.0,11.3,1.3,4.2,0.315,0.4,1.9,0.195,1.0,2.3,0.412,0.359,0.8,1.1,0.72,0.4,2.1,2.5,0.3,0.4,0.1,0.3,1.3,3.8,,2014,2013-14
345.0,John Lucas III,31.0,UTA,PG,42.0,6.0,14.1,1.5,4.5,0.326,0.6,2.0,0.298,0.9,2.5,0.349,0.392,0.2,0.4,0.625,0.3,0.6,0.9,1.0,0.3,0.0,0.5,1.0,3.8,,2014,2013-14
346.0,Mike Muscala,22.0,ATL,PF,20.0,0.0,10.8,1.6,3.7,0.425,0.0,0.2,0.0,1.6,3.5,0.443,0.425,0.7,0.7,1.0,0.9,1.8,2.6,0.4,0.2,0.5,0.6,1.5,3.8,,2014,2013-14
347.0,Pablo Prigioni,36.0,NYK,PG,66.0,27.0,19.4,1.3,2.9,0.461,1.0,2.1,0.464,0.3,0.8,0.451,0.631,0.2,0.2,0.917,0.5,1.4,2.0,3.5,1.0,0.0,0.9,2.0,3.8,,2014,2013-14
348.0,Miroslav Raduljica,26.0,MIL,C,48.0,2.0,9.7,1.4,2.6,0.54,0.0,0.0,,1.4,2.6,0.54,0.54,0.9,1.1,0.818,1.1,1.1,2.3,0.5,0.1,0.3,0.6,1.8,3.8,,2014,2013-14
349.0,Chris Copeland,29.0,IND,SF,41.0,0.0,6.5,1.3,2.9,0.47,0.8,1.9,0.418,0.5,0.9,0.579,0.611,0.2,0.3,0.714,0.2,0.6,0.8,0.4,0.1,0.2,0.3,0.9,3.7,,2014,2013-14
350.0,Archie Goodwin,19.0,PHO,SG,52.0,0.0,10.3,1.5,3.2,0.455,0.1,0.7,0.139,1.4,2.5,0.542,0.47,0.7,1.1,0.673,0.5,1.2,1.7,0.4,0.4,0.2,0.8,0.9,3.7,,2014,2013-14
351.0,Dennis Schröder,20.0,ATL,PG,49.0,0.0,13.1,1.5,3.8,0.383,0.2,0.9,0.238,1.3,3.0,0.425,0.41,0.6,0.9,0.674,0.1,1.1,1.2,1.9,0.3,0.0,1.2,1.1,3.7,,2014,2013-14
352.0,Ish Smith,25.0,PHO,PG,70.0,1.0,14.4,1.7,4.0,0.423,0.0,0.3,0.043,1.7,3.7,0.457,0.425,0.3,0.6,0.564,0.4,1.4,1.8,2.6,0.7,0.2,0.9,0.9,3.7,,2014,2013-14
353.0,Reggie Williams,27.0,OKC,SF,3.0,0.0,5.7,1.7,3.0,0.556,0.3,1.0,0.333,1.3,2.0,0.667,0.611,0.0,0.0,,0.0,0.0,0.0,0.3,0.3,0.0,0.7,0.3,3.7,,2014,2013-14
354.0,Jan Veselý,23.0,2TM,PF,54.0,1.0,14.4,1.6,3.2,0.514,0.0,0.0,,1.6,3.2,0.514,0.514,0.4,1.0,0.339,1.5,2.0,3.5,0.4,1.0,0.6,0.7,2.2,3.6,,2014,2013-14
354.0,Jan Veselý,23.0,WAS,PF,33.0,1.0,14.2,1.5,2.8,0.522,0.0,0.0,,1.5,2.8,0.522,0.522,0.2,0.9,0.267,1.6,1.8,3.4,0.3,0.8,0.6,0.7,1.9,3.2,,2014,2013-14
354.0,Jan Veselý,23.0,DEN,PF,21.0,0.0,14.6,2.0,3.9,0.506,0.0,0.0,,2.0,3.9,0.506,0.506,0.5,1.2,0.423,1.3,2.4,3.7,0.5,1.3,0.8,0.7,2.7,4.4,,2014,2013-14
355.0,Doron Lamb,22.0,ORL,SG,53.0,0.0,13.1,1.2,3.0,0.394,0.7,1.7,0.4,0.5,1.3,0.386,0.506,0.5,0.7,0.806,0.2,0.8,0.9,0.8,0.2,0.0,0.5,1.0,3.6,,2014,2013-14
356.0,Jeremy Tyler,22.0,NYK,C,41.0,0.0,9.7,1.5,2.8,0.517,0.0,0.0,,1.5,2.8,0.517,0.517,0.6,1.2,0.542,0.9,1.7,2.7,0.2,0.1,0.5,0.6,1.7,3.6,,2014,2013-14
357.0,James Southerland,23.0,2TM,SF,4.0,0.0,7.5,1.3,3.8,0.333,0.8,1.5,0.5,0.5,2.3,0.222,0.433,0.3,0.5,0.5,0.0,2.0,2.0,0.0,0.3,0.5,0.3,0.8,3.5,,2014,2013-14
357.0,James Southerland,23.0,CHA,SF,1.0,0.0,3.0,0.0,3.0,0.0,0.0,1.0,0.0,0.0,2.0,0.0,0.0,0.0,0.0,,0.0,0.0,0.0,0.0,0.0,0.0,0.0,0.0,0.0,,2014,2013-14
357.0,James Southerland,23.0,NOP,SF,3.0,0.0,9.0,1.7,4.0,0.417,1.0,1.7,0.6,0.7,2.3,0.286,0.542,0.3,0.7,0.5,0.0,2.7,2.7,0.0,0.3,0.7,0.3,1.0,4.7,,2014,2013-14
358.0,Luc Mbah a Moute,27.0,2TM,PF,64.0,7.0,15.7,1.4,3.0,0.451,0.1,0.3,0.235,1.3,2.8,0.472,0.461,0.7,1.0,0.687,0.9,1.4,2.3,0.6,0.5,0.2,0.6,1.1,3.5,,2014,2013-14
358.0,Luc Mbah a Moute,27.0,SAC,SF,9.0,5.0,21.8,1.7,3.6,0.469,0.1,0.3,0.333,1.6,3.2,0.483,0.484,1.0,1.4,0.692,1.0,2.0,3.0,1.7,1.0,0.6,0.4,2.0,4.4,,2014,2013-14
358.0,Luc Mbah a Moute,27.0,MIN,PF,55.0,2.0,14.7,1.3,2.9,0.447,0.1,0.3,0.214,1.3,2.7,0.469,0.457,0.7,1.0,0.685,0.9,1.3,2.2,0.4,0.4,0.2,0.7,0.9,3.3,,2014,2013-14
359.0,Diante Garrett,25.0,UTA,PG,71.0,0.0,14.8,1.4,3.7,0.381,0.5,1.4,0.375,0.9,2.4,0.385,0.449,0.1,0.2,0.833,0.2,1.2,1.4,1.7,0.6,0.1,1.1,1.1,3.5,,2014,2013-14
360.0,Perry Jones,22.0,OKC,PF,62.0,7.0,12.3,1.3,2.9,0.459,0.4,1.0,0.361,1.0,1.9,0.508,0.519,0.5,0.7,0.667,0.5,1.4,1.8,0.4,0.2,0.3,0.3,1.0,3.5,,2014,2013-14
361.0,Ian Mahinmi,27.0,IND,C,77.0,1.0,16.2,1.2,2.5,0.481,0.0,0.0,0.0,1.2,2.4,0.484,0.481,1.2,1.9,0.621,1.4,1.9,3.3,0.3,0.5,0.9,0.8,2.7,3.5,,2014,2013-14
362.0,Greg Smith,23.0,HOU,C,11.0,0.0,9.1,1.6,2.5,0.643,0.0,0.0,,1.6,2.5,0.643,0.643,0.2,0.5,0.4,1.0,1.5,2.5,0.0,0.1,0.2,0.5,1.5,3.5,,2014,2013-14
363.0,James Nunnally,23.0,2TM,SF,13.0,0.0,12.7,1.2,3.5,0.326,0.6,1.9,0.32,0.5,1.6,0.333,0.413,0.5,0.7,0.667,0.1,1.4,1.5,0.6,0.5,0.2,0.5,0.8,3.4,,2014,2013-14
363.0,James Nunnally,23.0,ATL,SF,4.0,0.0,13.5,1.5,4.5,0.333,0.8,2.5,0.3,0.8,2.0,0.375,0.417,0.8,1.0,0.75,0.3,1.8,2.0,0.5,0.3,0.3,1.0,0.5,4.5,,2014,2013-14
363.0,James Nunnally,23.0,PHI,SF,9.0,0.0,12.3,1.0,3.1,0.321,0.6,1.7,0.333,0.4,1.4,0.308,0.411,0.3,0.6,0.6,0.0,1.2,1.2,0.7,0.6,0.1,0.3,1.0,2.9,,2014,2013-14
364.0,Robbie Hummel,24.0,MIN,SF,53.0,5.0,12.4,1.3,3.3,0.379,0.6,1.7,0.36,0.7,1.7,0.398,0.469,0.3,0.3,0.938,0.7,1.8,2.5,0.4,0.3,0.0,0.2,1.1,3.4,,2014,2013-14
365.0,Kendrick Perkins,29.0,OKC,C,62.0,62.0,19.5,1.4,3.1,0.451,0.0,0.0,0.0,1.4,3.1,0.453,0.451,0.6,1.1,0.552,1.3,3.6,4.9,1.1,0.4,0.5,1.5,2.9,3.4,,2014,2013-14
366.0,Ekpe Udoh,26.0,MIL,PF,42.0,14.0,19.1,1.4,3.4,0.399,0.0,0.0,,1.4,3.4,0.399,0.399,0.7,1.1,0.638,1.5,2.1,3.5,0.7,0.4,1.0,0.9,2.3,3.4,,2014,2013-14
367.0,Justin Hamilton,23.0,2TM,C,8.0,0.0,9.0,1.1,2.5,0.45,0.4,1.1,0.333,0.8,1.4,0.545,0.525,0.6,0.6,1.0,0.5,0.4,0.9,0.0,0.6,0.0,0.5,1.0,3.3,,2014,2013-14
367.0,Justin Hamilton,23.0,CHA,C,1.0,0.0,4.0,0.0,0.0,,0.0,0.0,,0.0,0.0,,,0.0,0.0,,0.0,0.0,0.0,0.0,1.0,0.0,1.0,0.0,0.0,,2014,2013-14
367.0,Justin Hamilton,23.0,MIA,C,7.0,0.0,9.7,1.3,2.9,0.45,0.4,1.3,0.333,0.9,1.6,0.545,0.525,0.7,0.7,1.0,0.6,0.4,1.0,0.0,0.6,0.0,0.4,1.1,3.7,,2014,2013-14
368.0,Steven Adams,20.0,OKC,C,81.0,20.0,14.8,1.1,2.3,0.503,0.0,0.0,,1.1,2.3,0.503,0.503,1.0,1.7,0.581,1.8,2.3,4.1,0.5,0.5,0.7,0.9,2.5,3.3,ROY-7,2014,2013-14
369.0,Jeff Ayres,26.0,SAS,PF,73.0,10.0,13.0,1.4,2.4,0.58,0.0,0.0,,1.4,2.4,0.58,0.58,0.5,0.8,0.691,1.2,2.3,3.5,0.8,0.2,0.3,0.9,2.0,3.3,,2014,2013-14
370.0,Joel Freeland,26.0,POR,C,52.0,0.0,14.0,1.5,3.1,0.475,0.0,0.0,0.0,1.5,3.1,0.481,0.475,0.4,0.6,0.69,1.7,2.3,4.0,0.7,0.2,0.4,0.6,1.8,3.3,,2014,2013-14
371.0,Steve Novak,30.0,TOR,PF,54.0,1.0,10.0,1.1,2.7,0.411,1.0,2.3,0.426,0.1,0.4,0.333,0.589,0.1,0.1,1.0,0.1,0.9,1.1,0.2,0.2,0.1,0.1,0.8,3.3,,2014,2013-14
372.0,Jeff Withey,23.0,NOP,C,58.0,4.0,11.8,1.2,2.2,0.535,0.0,0.0,0.0,1.2,2.2,0.539,0.535,0.9,1.3,0.712,0.8,1.7,2.6,0.4,0.3,0.9,0.3,1.3,3.3,,2014,2013-14
373.0,Matt Bonner,33.0,SAS,PF,61.0,0.0,11.3,1.2,2.7,0.445,0.7,1.6,0.429,0.5,1.1,0.47,0.573,0.1,0.2,0.75,0.3,1.9,2.1,0.5,0.2,0.2,0.3,0.8,3.2,,2014,2013-14
374.0,Wayne Ellington,26.0,DAL,SG,45.0,1.0,8.7,1.2,2.8,0.437,0.6,1.3,0.424,0.7,1.5,0.448,0.536,0.2,0.2,0.909,0.2,0.8,1.0,0.4,0.4,0.0,0.2,0.7,3.2,,2014,2013-14
375.0,Jason Maxiell,30.0,ORL,PF,34.0,13.0,14.4,1.4,3.1,0.448,0.0,0.0,,1.4,3.1,0.448,0.448,0.4,0.9,0.484,0.8,1.7,2.5,0.3,0.2,0.6,0.4,1.4,3.2,,2014,2013-14
376.0,Dewayne Dedmon,24.0,3TM,C,31.0,6.0,12.6,1.2,2.7,0.458,0.0,0.0,,1.2,2.7,0.458,0.458,0.7,1.0,0.656,1.2,2.9,4.1,0.2,0.2,0.7,0.6,2.1,3.1,,2014,2013-14
376.0,Dewayne Dedmon,24.0,GSW,C,4.0,0.0,1.5,0.0,0.3,0.0,0.0,0.0,,0.0,0.3,0.0,0.0,0.3,0.5,0.5,0.0,0.0,0.0,0.0,0.0,0.0,0.0,0.3,0.3,,2014,2013-14
376.0,Dewayne Dedmon,24.0,PHI,C,11.0,0.0,13.6,1.4,2.6,0.517,0.0,0.0,,1.4,2.6,0.517,0.517,0.6,1.2,0.538,1.0,3.5,4.5,0.3,0.0,0.8,0.8,2.5,3.4,,2014,2013-14
376.0,Dewayne Dedmon,24.0,ORL,C,16.0,6.0,14.6,1.4,3.3,0.434,0.0,0.0,,1.4,3.3,0.434,0.434,0.8,1.1,0.765,1.7,3.2,4.9,0.1,0.4,0.8,0.6,2.3,3.7,,2014,2013-14
377.0,Dwight Buycks,24.0,TOR,PG,14.0,0.0,10.4,1.1,3.4,0.313,0.4,1.2,0.294,0.7,2.2,0.323,0.365,0.6,0.6,0.889,0.3,1.4,1.6,0.7,0.6,0.0,0.7,0.8,3.1,,2014,2013-14
378.0,John Jenkins,22.0,ATL,SG,13.0,0.0,12.2,1.2,3.2,0.381,0.3,1.4,0.222,0.9,1.8,0.5,0.429,0.3,0.3,1.0,0.2,1.5,1.7,0.8,0.1,0.1,0.8,0.8,3.1,,2014,2013-14
379.0,Austin Daye,25.0,2TM,SF,22.0,1.0,6.7,1.1,3.1,0.353,0.5,1.7,0.324,0.5,1.4,0.387,0.441,0.3,0.5,0.6,0.2,1.0,1.2,0.4,0.2,0.2,0.2,0.8,3.0,,2014,2013-14
379.0,Austin Daye,25.0,TOR,SF,8.0,0.0,4.1,0.4,1.6,0.231,0.0,1.0,0.0,0.4,0.6,0.6,0.231,0.3,0.4,0.667,0.3,0.6,0.9,0.3,0.0,0.0,0.0,0.5,1.0,,2014,2013-14
379.0,Austin Daye,25.0,SAS,SF,14.0,1.0,8.2,1.5,3.9,0.382,0.9,2.1,0.414,0.6,1.9,0.346,0.491,0.3,0.5,0.571,0.2,1.2,1.4,0.4,0.3,0.3,0.4,1.0,4.1,,2014,2013-14
380.0,Aron Baynes,27.0,SAS,C,53.0,4.0,9.3,1.3,3.1,0.436,0.0,0.0,,1.3,3.1,0.436,0.436,0.4,0.4,0.905,1.1,1.7,2.7,0.6,0.0,0.1,0.7,1.5,3.0,,2014,2013-14
381.0,Ian Clark,22.0,UTA,SG,23.0,0.0,7.5,1.1,2.9,0.388,0.5,1.3,0.355,0.7,1.6,0.417,0.47,0.2,0.3,0.714,0.1,0.7,0.8,0.7,0.3,0.1,0.6,1.0,3.0,,2014,2013-14
382.0,Melvin Ely,35.0,NOP,C,2.0,0.0,13.5,1.5,3.0,0.5,0.0,0.0,,1.5,3.0,0.5,0.5,0.0,0.0,,0.0,0.5,0.5,0.0,0.0,0.5,0.0,2.5,3.0,,2014,2013-14
383.0,Roger Mason,33.0,MIA,SG,25.0,2.0,10.4,1.0,2.7,0.373,0.7,1.9,0.354,0.3,0.8,0.421,0.5,0.3,0.3,1.0,0.0,0.8,0.9,0.8,0.2,0.0,0.4,1.0,3.0,,2014,2013-14
384.0,Arnett Moultrie,23.0,PHI,PF,12.0,2.0,15.6,1.3,3.2,0.421,0.0,0.0,,1.3,3.2,0.421,0.421,0.3,0.4,0.8,0.9,2.0,2.9,0.2,0.7,0.3,0.6,1.8,3.0,,2014,2013-14
385.0,Daniel Orton,23.0,PHI,C,22.0,4.0,11.4,1.0,2.1,0.447,0.0,0.0,,1.0,2.1,0.447,0.447,1.0,1.4,0.767,0.7,2.0,2.8,0.7,0.3,0.7,0.8,1.7,3.0,,2014,2013-14
386.0,Chris Singleton,24.0,WAS,SF,25.0,0.0,10.0,1.0,2.7,0.373,0.3,0.8,0.368,0.7,1.9,0.375,0.425,0.7,1.0,0.72,0.7,1.5,2.2,0.2,0.4,0.1,0.7,1.0,3.0,,2014,2013-14
387.0,Hedo Türkoğlu,34.0,LAC,SF,38.0,0.0,10.3,1.1,2.9,0.385,0.6,1.3,0.44,0.5,1.6,0.339,0.486,0.2,0.5,0.5,0.3,2.1,2.3,0.9,0.5,0.3,0.4,1.3,3.0,,2014,2013-14
388.0,Bismack Biyombo,21.0,CHA,C,77.0,9.0,13.9,1.1,1.9,0.611,0.0,0.0,,1.1,1.9,0.611,0.611,0.6,1.2,0.517,1.4,3.4,4.8,0.1,0.1,1.1,0.5,1.6,2.9,,2014,2013-14
389.0,Josh Harrellson,24.0,DET,C,32.0,0.0,9.9,1.2,2.6,0.463,0.4,1.0,0.387,0.8,1.6,0.51,0.537,0.2,0.2,0.714,0.9,1.4,2.4,0.5,0.2,0.5,0.3,1.4,2.9,,2014,2013-14
390.0,Greg Oden,26.0,MIA,C,23.0,6.0,9.2,1.2,2.1,0.551,0.0,0.0,,1.2,2.1,0.551,0.551,0.6,1.0,0.565,1.0,1.3,2.3,0.0,0.3,0.6,0.5,2.3,2.9,,2014,2013-14
391.0,Glen Rice Jr.,23.0,WAS,SG,11.0,1.0,9.9,1.0,3.4,0.297,0.5,1.5,0.294,0.5,1.8,0.3,0.365,0.5,0.6,0.714,0.4,1.5,1.8,0.6,0.5,0.1,0.8,0.6,2.9,,2014,2013-14
392.0,Greg Stiemsma,28.0,NOP,C,55.0,20.0,18.3,1.3,2.2,0.574,0.0,0.0,0.0,1.3,2.2,0.579,0.574,0.3,0.6,0.594,1.3,2.8,4.1,0.7,0.6,1.0,0.8,3.1,2.9,,2014,2013-14
393.0,Brandon Davies,22.0,PHI,PF,51.0,0.0,11.3,1.1,2.5,0.422,0.0,0.2,0.2,1.0,2.3,0.441,0.43,0.7,1.0,0.642,0.7,1.4,2.1,0.5,0.5,0.2,0.7,1.8,2.8,,2014,2013-14
394.0,Shane Larkin,21.0,DAL,PG,48.0,0.0,10.2,1.1,2.9,0.38,0.3,0.8,0.316,0.8,2.1,0.404,0.423,0.3,0.5,0.64,0.2,0.6,0.9,1.5,0.5,0.0,0.8,1.0,2.8,,2014,2013-14
395.0,Phil Pressey,22.0,BOS,PG,75.0,11.0,15.1,1.0,3.4,0.308,0.4,1.4,0.264,0.7,2.0,0.34,0.364,0.4,0.6,0.644,0.3,1.1,1.4,3.2,0.9,0.1,1.2,1.3,2.8,,2014,2013-14
396.0,Marquis Teague,20.0,2TM,SG,40.0,3.0,11.1,1.0,3.0,0.319,0.1,0.5,0.278,0.8,2.5,0.327,0.34,0.7,0.9,0.743,0.0,1.0,1.0,1.5,0.3,0.1,1.0,1.2,2.7,,2014,2013-14
396.0,Marquis Teague,20.0,CHI,SG,19.0,2.0,12.7,0.8,3.5,0.242,0.1,0.5,0.2,0.7,2.9,0.25,0.258,0.6,0.8,0.688,0.1,0.9,1.0,1.5,0.1,0.2,0.9,1.3,2.4,,2014,2013-14
396.0,Marquis Teague,20.0,BRK,SG,21.0,1.0,9.6,1.0,2.5,0.415,0.1,0.4,0.375,0.9,2.1,0.422,0.443,0.7,0.9,0.789,0.0,1.0,1.0,1.4,0.4,0.0,1.0,1.0,3.0,,2014,2013-14
397.0,Quincy Acy,23.0,2TM,SF,63.0,0.0,13.4,1.0,2.2,0.468,0.1,0.2,0.267,1.0,2.0,0.492,0.482,0.6,0.8,0.66,1.1,2.3,3.4,0.4,0.4,0.4,0.5,1.9,2.7,,2014,2013-14
397.0,Quincy Acy,23.0,TOR,SF,7.0,0.0,8.7,0.9,2.0,0.429,0.3,0.7,0.4,0.6,1.3,0.444,0.5,0.7,1.1,0.625,0.7,1.4,2.1,0.6,0.6,0.4,0.3,1.1,2.7,,2014,2013-14
397.0,Quincy Acy,23.0,SAC,SF,56.0,0.0,14.0,1.1,2.3,0.472,0.0,0.2,0.2,1.0,2.1,0.496,0.48,0.5,0.8,0.667,1.2,2.4,3.6,0.4,0.3,0.4,0.5,2.0,2.7,,2014,2013-14
398.0,Reggie Bullock,22.0,LAC,SF,43.0,0.0,9.2,1.0,2.8,0.355,0.5,1.7,0.301,0.5,1.1,0.438,0.446,0.2,0.2,0.778,0.3,1.0,1.3,0.3,0.2,0.0,0.3,0.6,2.7,,2014,2013-14
399.0,Rasual Butler,34.0,IND,SG,50.0,2.0,7.6,1.0,2.2,0.464,0.5,1.2,0.419,0.5,1.0,0.521,0.582,0.2,0.3,0.571,0.1,0.7,0.8,0.3,0.1,0.2,0.2,0.6,2.7,,2014,2013-14
400.0,Carrick Felix,23.0,CLE,SG,7.0,0.0,5.4,1.0,2.0,0.5,0.3,0.7,0.4,0.7,1.3,0.556,0.571,0.4,0.6,0.75,0.1,0.7,0.9,0.6,0.0,0.0,0.6,0.6,2.7,,2014,2013-14
401.0,Toure' Murry,24.0,NYK,PG,51.0,0.0,7.3,1.1,2.5,0.434,0.1,0.2,0.417,1.0,2.3,0.436,0.453,0.5,0.8,0.59,0.3,0.6,0.9,1.0,0.4,0.0,0.7,0.9,2.7,,2014,2013-14
402.0,Eric Maynor,26.0,2TM,PG,31.0,0.0,10.5,1.0,3.3,0.317,0.4,1.2,0.324,0.6,2.1,0.313,0.376,0.2,0.4,0.545,0.3,1.0,1.3,1.7,0.3,0.1,0.9,0.5,2.6,,2014,2013-14
402.0,Eric Maynor,26.0,WAS,PG,23.0,0.0,9.3,0.9,3.1,0.292,0.3,1.1,0.32,0.6,2.0,0.277,0.347,0.1,0.1,0.667,0.3,0.7,1.0,1.7,0.2,0.0,0.7,0.6,2.3,,2014,2013-14
402.0,Eric Maynor,26.0,PHI,PG,8.0,0.0,14.0,1.4,3.6,0.379,0.5,1.5,0.333,0.9,2.1,0.412,0.448,0.5,1.0,0.5,0.3,1.6,1.9,1.5,0.5,0.3,1.5,0.5,3.8,,2014,2013-14
403.0,Lorenzo Brown,23.0,PHI,PG,26.0,0.0,8.6,1.0,3.3,0.302,0.1,1.2,0.1,0.9,2.2,0.411,0.32,0.3,0.5,0.692,0.3,0.8,1.1,1.6,0.5,0.1,0.6,0.7,2.5,,2014,2013-14
404.0,Meyers Leonard,21.0,POR,C,40.0,0.0,8.9,1.0,2.3,0.451,0.0,0.2,0.0,1.0,2.1,0.482,0.451,0.4,0.5,0.762,0.7,2.1,2.8,0.5,0.2,0.1,0.4,1.9,2.5,,2014,2013-14
405.0,Sasha Vujačić,29.0,LAC,SG,2.0,0.0,5.0,1.0,2.5,0.4,0.5,1.0,0.5,0.5,1.5,0.333,0.5,0.0,0.0,,0.0,1.5,1.5,0.0,0.5,0.0,1.5,0.5,2.5,,2014,2013-14
406.0,Gigi Datome,26.0,DET,SF,34.0,0.0,7.0,1.0,2.9,0.351,0.2,1.1,0.179,0.8,1.7,0.466,0.387,0.2,0.3,0.8,0.4,0.9,1.4,0.3,0.2,0.0,0.3,0.6,2.4,,2014,2013-14
407.0,Gal Mekel,25.0,DAL,PG,31.0,1.0,9.4,1.0,2.8,0.349,0.2,0.6,0.25,0.8,2.1,0.379,0.378,0.3,0.4,0.667,0.2,0.7,0.9,2.0,0.1,0.0,1.0,1.0,2.4,,2014,2013-14
408.0,Ronnie Price,30.0,ORL,SG,31.0,2.0,12.2,0.9,3.0,0.304,0.3,1.4,0.209,0.6,1.6,0.388,0.353,0.3,0.4,0.692,0.3,1.1,1.4,2.1,0.8,0.1,0.8,1.6,2.4,,2014,2013-14
409.0,Adonis Thomas,20.0,2TM,SF,6.0,1.0,6.2,1.0,2.3,0.429,0.2,0.8,0.2,0.8,1.5,0.556,0.464,0.2,0.2,1.0,0.0,0.5,0.5,0.5,0.0,0.0,0.2,1.0,2.3,,2014,2013-14
409.0,Adonis Thomas,20.0,ORL,SF,4.0,0.0,6.0,0.8,2.3,0.333,0.0,0.8,0.0,0.8,1.5,0.5,0.333,0.3,0.3,1.0,0.0,0.8,0.8,0.5,0.0,0.0,0.0,0.5,1.8,,2014,2013-14
409.0,Adonis Thomas,20.0,PHI,SF,2.0,1.0,6.5,1.5,2.5,0.6,0.5,1.0,0.5,1.0,1.5,0.667,0.7,0.0,0.0,,0.0,0.0,0.0,0.5,0.0,0.0,0.5,2.0,3.5,,2014,2013-14
410.0,Dionte Christmas,27.0,PHO,SF,31.0,0.0,6.4,0.7,2.0,0.355,0.3,1.0,0.29,0.4,1.0,0.419,0.427,0.6,0.8,0.75,0.4,0.8,1.2,0.3,0.1,0.1,0.2,0.6,2.3,,2014,2013-14
411.0,Robert Covington,23.0,HOU,SF,7.0,0.0,4.9,0.9,2.0,0.429,0.6,1.6,0.364,0.3,0.4,0.667,0.571,0.0,0.0,,0.3,0.4,0.7,0.0,0.3,0.0,0.1,0.4,2.3,,2014,2013-14
412.0,Landry Fields,25.0,TOR,SF,30.0,2.0,10.7,0.9,2.2,0.403,0.0,0.2,0.0,0.9,2.1,0.435,0.403,0.5,0.7,0.636,0.5,1.5,2.0,0.7,0.3,0.1,0.4,0.8,2.3,,2014,2013-14
413.0,Rudy Gobert,21.0,UTA,C,45.0,0.0,9.6,0.8,1.6,0.486,0.0,0.0,,0.8,1.6,0.486,0.486,0.7,1.4,0.492,1.1,2.3,3.4,0.2,0.2,0.9,0.7,1.3,2.3,,2014,2013-14
414.0,Ryan Hollins,29.0,LAC,PF,61.0,0.0,7.9,0.9,1.2,0.736,0.0,0.0,,0.9,1.2,0.736,0.736,0.6,0.9,0.625,0.5,1.0,1.5,0.1,0.1,0.5,0.5,1.4,2.3,,2014,2013-14
415.0,Peyton Siva,23.0,DET,SG,24.0,0.0,9.3,0.8,2.4,0.316,0.3,1.0,0.28,0.5,1.3,0.344,0.377,0.5,0.6,0.733,0.1,0.5,0.6,1.4,0.4,0.0,0.8,1.1,2.3,,2014,2013-14
416.0,Donald Sloan,26.0,IND,SG,48.0,1.0,8.2,0.9,2.4,0.376,0.2,0.9,0.238,0.7,1.6,0.453,0.419,0.3,0.4,0.6,0.1,0.8,0.9,1.0,0.2,0.0,0.5,0.4,2.3,,2014,2013-14
417.0,D.J. Stephens,23.0,MIL,SG,3.0,0.0,5.0,1.0,2.3,0.429,0.0,0.0,,1.0,2.3,0.429,0.429,0.3,0.3,1.0,0.3,1.3,1.7,0.0,0.0,0.0,0.0,0.0,2.3,,2014,2013-14
418.0,Orlando Johnson,24.0,2TM,SG,45.0,0.0,8.7,0.8,2.5,0.319,0.2,1.0,0.191,0.6,1.5,0.409,0.358,0.4,0.6,0.731,0.2,1.0,1.2,0.4,0.1,0.0,0.3,0.6,2.2,,2014,2013-14
418.0,Orlando Johnson,24.0,IND,SG,38.0,0.0,9.0,0.9,2.5,0.344,0.2,1.1,0.195,0.7,1.4,0.455,0.385,0.4,0.6,0.773,0.2,1.2,1.3,0.4,0.2,0.0,0.4,0.6,2.4,,2014,2013-14
418.0,Orlando Johnson,24.0,SAC,SG,7.0,0.0,7.1,0.4,2.4,0.176,0.1,0.9,0.167,0.3,1.6,0.182,0.206,0.3,0.6,0.5,0.3,0.3,0.6,0.6,0.0,0.1,0.1,0.4,1.3,,2014,2013-14
419.0,Shannon Brown,28.0,2TM,SG,29.0,1.0,8.7,0.8,2.3,0.364,0.0,0.1,0.0,0.8,2.2,0.375,0.364,0.5,0.7,0.714,0.2,0.7,1.0,0.3,0.4,0.0,0.6,0.8,2.2,,2014,2013-14
419.0,Shannon Brown,28.0,SAS,SG,10.0,1.0,10.3,0.8,2.8,0.286,0.0,0.2,0.0,0.8,2.6,0.308,0.286,0.7,0.9,0.778,0.1,1.2,1.3,0.5,0.1,0.0,0.8,1.2,2.3,,2014,2013-14
419.0,Shannon Brown,28.0,NYK,SG,19.0,0.0,7.8,0.8,2.0,0.421,0.0,0.0,,0.8,2.0,0.421,0.421,0.4,0.6,0.667,0.3,0.5,0.8,0.2,0.6,0.0,0.5,0.6,2.1,,2014,2013-14
420.0,Victor Claver,25.0,POR,SF,21.0,0.0,8.8,0.8,2.0,0.405,0.1,0.9,0.167,0.7,1.1,0.583,0.44,0.5,0.5,0.909,0.4,1.4,1.9,0.6,0.1,0.1,0.5,0.8,2.2,,2014,2013-14
421.0,Allen Crabbe,21.0,POR,SG,15.0,0.0,6.7,0.8,2.2,0.364,0.4,0.9,0.429,0.4,1.3,0.316,0.455,0.2,0.3,0.75,0.1,0.5,0.6,0.4,0.1,0.1,0.2,0.7,2.2,,2014,2013-14
422.0,Chuck Hayes,30.0,2TM,C,61.0,1.0,12.4,0.9,2.1,0.431,0.0,0.0,0.0,0.9,2.1,0.434,0.431,0.3,0.4,0.8,1.1,2.3,3.4,0.6,0.6,0.2,0.5,1.6,2.2,,2014,2013-14
422.0,Chuck Hayes,30.0,SAC,C,16.0,1.0,11.2,0.9,2.0,0.438,0.0,0.0,,0.9,2.0,0.438,0.438,0.3,0.4,0.714,1.3,1.7,2.9,0.4,0.7,0.1,0.4,1.1,2.1,,2014,2013-14
422.0,Chuck Hayes,30.0,TOR,C,45.0,0.0,12.8,0.9,2.2,0.429,0.0,0.0,0.0,0.9,2.2,0.433,0.429,0.3,0.4,0.833,1.1,2.5,3.6,0.6,0.5,0.2,0.6,1.7,2.2,,2014,2013-14
423.0,Otto Porter Jr.,20.0,WAS,SF,37.0,0.0,8.6,0.9,2.5,0.363,0.1,0.6,0.19,0.8,1.9,0.414,0.385,0.2,0.3,0.667,0.6,1.0,1.5,0.3,0.2,0.0,0.4,0.7,2.1,,2014,2013-14
424.0,Brandon Rush,28.0,UTA,SG,38.0,0.0,11.0,0.8,2.4,0.333,0.4,1.2,0.34,0.4,1.1,0.326,0.422,0.1,0.1,0.6,0.1,1.0,1.2,0.6,0.1,0.2,0.5,0.8,2.1,,2014,2013-14
425.0,Jared Cunningham,22.0,2TM,SG,13.0,0.0,6.2,0.5,1.6,0.286,0.1,0.5,0.143,0.4,1.1,0.357,0.31,1.0,1.2,0.813,0.1,0.4,0.5,0.6,0.2,0.0,0.2,1.2,2.0,,2014,2013-14
425.0,Jared Cunningham,22.0,ATL,SG,5.0,0.0,4.4,0.2,0.4,0.5,0.0,0.2,0.0,0.2,0.2,1.0,0.5,0.0,0.4,0.0,0.0,0.2,0.2,0.6,0.0,0.0,0.4,0.6,0.4,,2014,2013-14
425.0,Jared Cunningham,22.0,SAC,SG,8.0,0.0,7.3,0.6,2.4,0.263,0.1,0.8,0.167,0.5,1.6,0.308,0.289,1.6,1.8,0.929,0.1,0.5,0.6,0.6,0.4,0.0,0.0,1.6,3.0,,2014,2013-14
426.0,Lou Amundson,31.0,2TM,PF,19.0,0.0,9.7,0.8,1.7,0.5,0.0,0.0,,0.8,1.7,0.5,0.5,0.3,1.3,0.25,1.5,1.4,2.9,0.3,0.5,0.6,0.7,2.6,2.0,,2014,2013-14
426.0,Lou Amundson,31.0,NOP,PF,18.0,0.0,10.2,0.9,1.8,0.5,0.0,0.0,,0.9,1.8,0.5,0.5,0.3,1.3,0.25,1.6,1.5,3.1,0.3,0.5,0.6,0.8,2.7,2.1,,2014,2013-14
426.0,Lou Amundson,31.0,CHI,PF,1.0,0.0,1.0,0.0,0.0,,0.0,0.0,,0.0,0.0,,,0.0,0.0,,0.0,0.0,0.0,0.0,0.0,0.0,0.0,0.0,0.0,,2014,2013-14
427.0,Cole Aldrich,25.0,NYK,C,46.0,2.0,7.2,0.7,1.3,0.541,0.0,0.0,,0.7,1.3,0.541,0.541,0.6,0.7,0.867,0.8,2.0,2.8,0.3,0.2,0.7,0.4,0.9,2.0,,2014,2013-14
428.0,Keith Bogans,33.0,BOS,SG,6.0,0.0,9.2,0.5,1.0,0.5,0.5,1.0,0.5,0.0,0.0,,0.75,0.5,0.5,1.0,0.0,0.5,0.5,0.5,0.2,0.0,0.2,0.3,2.0,,2014,2013-14
429.0,Alex Len,20.0,PHO,C,42.0,3.0,8.6,0.8,1.9,0.423,0.0,0.0,,0.8,1.9,0.423,0.423,0.5,0.7,0.645,0.9,1.4,2.4,0.1,0.1,0.4,0.6,1.6,2.0,,2014,2013-14
430.0,DeAndre Liggins,25.0,MIA,SG,1.0,0.0,1.0,1.0,1.0,1.0,0.0,0.0,,1.0,1.0,1.0,1.0,0.0,0.0,,1.0,0.0,1.0,0.0,0.0,0.0,0.0,0.0,2.0,,2014,2013-14
431.0,Tony Mitchell,24.0,MIL,SF,3.0,0.0,3.3,1.0,1.7,0.6,0.0,0.3,0.0,1.0,1.3,0.75,0.6,0.0,0.0,,0.3,0.0,0.3,0.3,0.3,0.0,0.0,0.0,2.0,,2014,2013-14
432.0,Malcolm Thomas,25.0,2TM,PF,8.0,0.0,7.9,0.9,2.0,0.438,0.1,0.5,0.25,0.8,1.5,0.5,0.469,0.0,0.3,0.0,0.6,2.0,2.6,0.3,0.0,0.4,1.1,0.6,1.9,,2014,2013-14
432.0,Malcolm Thomas,25.0,SAS,PF,1.0,0.0,15.0,1.0,4.0,0.25,0.0,0.0,,1.0,4.0,0.25,0.25,0.0,2.0,0.0,1.0,8.0,9.0,0.0,0.0,2.0,1.0,0.0,2.0,,2014,2013-14
432.0,Malcolm Thomas,25.0,UTA,PF,7.0,0.0,6.9,0.9,1.7,0.5,0.1,0.6,0.25,0.7,1.1,0.625,0.542,0.0,0.0,,0.6,1.1,1.7,0.3,0.0,0.1,1.1,0.7,1.9,,2014,2013-14
433.0,Jamaal Franklin,22.0,MEM,SG,21.0,0.0,7.7,0.8,1.9,0.41,0.2,0.5,0.455,0.5,1.3,0.393,0.474,0.1,0.1,1.0,0.2,0.9,1.1,0.3,0.2,0.1,0.5,1.1,1.9,,2014,2013-14
434.0,Andre Roberson,22.0,OKC,SG,40.0,16.0,10.0,0.8,1.7,0.485,0.1,0.3,0.154,0.8,1.4,0.564,0.5,0.2,0.3,0.7,0.9,1.5,2.4,0.4,0.5,0.3,0.5,1.9,1.9,,2014,2013-14
435.0,Aaron Gray,29.0,2TM,C,37.0,6.0,9.6,0.7,1.6,0.443,0.0,0.0,0.0,0.7,1.6,0.45,0.443,0.3,0.5,0.55,1.1,1.9,3.0,0.6,0.3,0.2,0.8,1.7,1.8,,2014,2013-14
435.0,Aaron Gray,29.0,TOR,C,4.0,0.0,5.0,0.5,0.8,0.667,0.0,0.0,,0.5,0.8,0.667,0.667,0.3,0.5,0.5,0.8,1.3,2.0,0.8,0.0,0.0,1.0,1.8,1.3,,2014,2013-14
435.0,Aaron Gray,29.0,SAC,C,33.0,6.0,10.2,0.8,1.8,0.431,0.0,0.0,0.0,0.8,1.7,0.439,0.431,0.3,0.5,0.556,1.2,1.9,3.1,0.6,0.3,0.2,0.8,1.7,1.8,,2014,2013-14
436.0,Garrett Temple,27.0,WAS,SG,75.0,0.0,8.5,0.7,1.9,0.362,0.1,0.4,0.207,0.6,1.5,0.402,0.383,0.4,0.6,0.698,0.3,0.6,0.9,1.0,0.5,0.1,0.6,1.0,1.8,,2014,2013-14
437.0,Hilton Armstrong,29.0,GSW,C,15.0,1.0,6.5,0.6,1.3,0.474,0.0,0.0,,0.6,1.3,0.474,0.474,0.5,1.1,0.438,1.3,1.9,3.1,0.3,0.3,0.3,0.4,0.7,1.7,,2014,2013-14
438.0,Vander Blue,21.0,BOS,SG,3.0,0.0,5.0,0.7,1.3,0.5,0.0,0.3,0.0,0.7,1.0,0.667,0.5,0.3,1.7,0.2,0.0,1.0,1.0,0.3,0.0,0.0,0.7,0.3,1.7,,2014,2013-14
439.0,Solomon Hill,22.0,IND,SF,28.0,0.0,8.1,0.6,1.4,0.425,0.3,0.8,0.304,0.4,0.6,0.588,0.513,0.2,0.3,0.857,0.3,1.1,1.5,0.4,0.2,0.1,0.5,0.7,1.7,,2014,2013-14
440.0,Stephen Jackson,35.0,LAC,SF,9.0,0.0,11.9,0.7,2.9,0.231,0.1,1.6,0.071,0.6,1.3,0.417,0.25,0.2,0.4,0.5,0.2,0.9,1.1,0.6,0.7,0.1,0.7,1.2,1.7,,2014,2013-14
441.0,Sergey Karasev,20.0,CLE,SF,22.0,1.0,7.1,0.5,1.6,0.343,0.2,0.9,0.211,0.4,0.7,0.5,0.4,0.4,0.5,0.9,0.0,0.7,0.7,0.3,0.1,0.0,0.5,1.0,1.7,,2014,2013-14
442.0,Ricky Ledo,21.0,DAL,SG,11.0,0.0,3.0,0.5,1.5,0.353,0.3,0.7,0.375,0.3,0.8,0.333,0.441,0.4,0.4,1.0,0.0,0.2,0.2,0.2,0.1,0.0,0.2,0.2,1.7,,2014,2013-14
443.0,Chris Babb,23.0,BOS,SG,14.0,0.0,9.4,0.6,2.1,0.267,0.4,1.9,0.222,0.1,0.2,0.667,0.367,0.0,0.0,,0.3,0.9,1.2,0.2,0.4,0.0,0.2,0.9,1.6,,2014,2013-14
444.0,Nazr Mohammed,36.0,CHI,C,80.0,1.0,7.0,0.7,1.6,0.429,0.0,0.0,,0.7,1.6,0.429,0.429,0.2,0.4,0.533,0.8,1.4,2.2,0.3,0.2,0.4,0.5,1.0,1.6,,2014,2013-14
445.0,A.J. Price,27.0,MIN,SG,28.0,0.0,3.5,0.7,1.6,0.413,0.2,0.8,0.273,0.5,0.9,0.542,0.478,0.0,0.1,0.0,0.0,0.3,0.4,0.5,0.0,0.0,0.3,0.2,1.6,,2014,2013-14
446.0,Seth Curry,23.0,2TM,PG,2.0,0.0,6.5,0.5,1.5,0.333,0.5,0.5,1.0,0.0,1.0,0.0,0.5,0.0,0.0,,0.0,0.5,0.5,0.0,1.0,0.0,0.0,0.0,1.5,,2014,2013-14
446.0,Seth Curry,23.0,MEM,PG,1.0,0.0,4.0,0.0,0.0,,0.0,0.0,,0.0,0.0,,,0.0,0.0,,0.0,0.0,0.0,0.0,0.0,0.0,0.0,0.0,0.0,,2014,2013-14
446.0,Seth Curry,23.0,CLE,PG,1.0,0.0,9.0,1.0,3.0,0.333,1.0,1.0,1.0,0.0,2.0,0.0,0.5,0.0,0.0,,0.0,1.0,1.0,0.0,2.0,0.0,0.0,0.0,3.0,,2014,2013-14
447.0,Othyus Jeffers,28.0,2TM,SG,6.0,1.0,7.8,0.5,1.0,0.5,0.0,0.3,0.0,0.5,0.7,0.75,0.5,0.5,0.7,0.75,0.2,1.3,1.5,0.2,0.0,0.0,0.2,0.5,1.5,,2014,2013-14
447.0,Othyus Jeffers,28.0,SAS,SG,4.0,1.0,8.5,0.8,1.3,0.6,0.0,0.3,0.0,0.8,1.0,0.75,0.6,0.3,0.5,0.5,0.3,1.3,1.5,0.3,0.0,0.0,0.0,0.5,1.8,,2014,2013-14
447.0,Othyus Jeffers,28.0,MIN,SG,2.0,0.0,6.5,0.0,0.5,0.0,0.0,0.5,0.0,0.0,0.0,,0.0,1.0,1.0,1.0,0.0,1.5,1.5,0.0,0.0,0.0,0.5,0.5,1.0,,2014,2013-14
448.0,Shavlik Randolph,30.0,PHO,PF,14.0,0.0,6.8,0.5,1.0,0.5,0.0,0.0,,0.5,1.0,0.5,0.5,0.4,0.8,0.545,0.5,1.3,1.8,0.1,0.2,0.1,0.4,1.1,1.4,,2014,2013-14
449.0,Solomon Jones,29.0,ORL,PF,11.0,0.0,7.7,0.5,1.5,0.353,0.0,0.0,,0.5,1.5,0.353,0.353,0.2,0.4,0.5,0.7,0.7,1.5,0.2,0.2,0.2,0.2,1.1,1.3,,2014,2013-14
450.0,Ryan Gomes,31.0,OKC,SF,5.0,0.0,6.8,0.6,1.6,0.375,0.0,0.4,0.0,0.6,1.2,0.5,0.375,0.0,0.0,,0.0,0.8,0.8,0.2,0.0,0.0,0.2,1.0,1.2,,2014,2013-14
451.0,Damion James,26.0,SAS,SF,5.0,1.0,10.0,0.4,1.8,0.222,0.0,0.4,0.0,0.4,1.4,0.286,0.222,0.4,0.4,1.0,0.2,2.2,2.4,0.6,0.0,0.2,0.2,0.6,1.2,,2014,2013-14
452.0,Hasheem Thabeet,26.0,OKC,C,23.0,0.0,8.3,0.6,1.0,0.565,0.0,0.0,,0.6,1.0,0.565,0.565,0.0,0.2,0.2,0.4,1.3,1.7,0.0,0.2,0.4,0.6,2.0,1.2,,2014,2013-14
453.0,Lance Thomas,25.0,NOP,SF,5.0,0.0,8.4,0.4,1.8,0.222,0.0,0.0,,0.4,1.8,0.222,0.222,0.4,0.8,0.5,0.4,1.0,1.4,0.6,0.0,0.0,0.4,0.8,1.2,,2014,2013-14
454.0,Tornike Shengelia,22.0,2TM,SF,26.0,0.0,5.9,0.5,1.1,0.464,0.0,0.2,0.0,0.5,0.8,0.591,0.464,0.1,0.3,0.375,0.2,0.5,0.6,0.5,0.1,0.0,0.5,0.7,1.1,,2014,2013-14
454.0,Tornike Shengelia,22.0,BRK,SF,17.0,0.0,8.1,0.6,1.4,0.458,0.0,0.4,0.0,0.6,1.1,0.611,0.458,0.2,0.5,0.375,0.2,0.6,0.8,0.7,0.1,0.1,0.6,0.9,1.5,,2014,2013-14
454.0,Tornike Shengelia,22.0,CHI,SF,9.0,0.0,1.9,0.2,0.4,0.5,0.0,0.0,,0.2,0.4,0.5,0.5,0.0,0.0,,0.0,0.2,0.2,0.2,0.1,0.0,0.1,0.2,0.4,,2014,2013-14
455.0,Jason Collins,35.0,BRK,C,22.0,1.0,7.8,0.5,1.1,0.458,0.0,0.1,0.0,0.5,1.0,0.524,0.458,0.1,0.2,0.75,0.3,0.5,0.9,0.2,0.4,0.0,0.3,1.4,1.1,,2014,2013-14
456.0,Nemanja Nedović,22.0,GSW,SG,24.0,0.0,5.9,0.3,1.6,0.205,0.1,0.8,0.167,0.2,0.9,0.238,0.244,0.3,0.3,0.875,0.1,0.5,0.6,0.5,0.0,0.0,0.5,0.5,1.1,,2014,2013-14
457.0,Jamaal Tinsley,35.0,UTA,PG,8.0,5.0,13.8,0.5,2.5,0.2,0.1,1.9,0.067,0.4,0.6,0.6,0.225,0.0,0.0,,0.3,1.1,1.4,2.9,0.3,0.0,1.1,1.3,1.1,,2014,2013-14
458.0,Shane Edwards,26.0,CLE,SF,2.0,0.0,6.0,0.5,1.5,0.333,0.0,0.0,,0.5,1.5,0.333,0.333,0.0,0.0,,0.5,0.5,1.0,0.0,0.0,0.0,0.5,0.5,1.0,,2014,2013-14
459.0,Mike James,38.0,CHI,PG,11.0,0.0,7.0,0.5,1.9,0.238,0.1,0.5,0.2,0.4,1.5,0.25,0.262,0.0,0.2,0.0,0.0,0.6,0.6,1.5,0.2,0.0,0.5,1.0,1.0,,2014,2013-14
460.0,Viacheslav Kravtsov,26.0,PHO,C,20.0,0.0,3.0,0.4,0.8,0.533,0.0,0.0,,0.4,0.8,0.533,0.533,0.2,0.4,0.5,0.5,0.4,0.9,0.1,0.0,0.1,0.3,0.4,1.0,,2014,2013-14
461.0,Tony Mitchell,21.0,DET,PF,21.0,0.0,3.8,0.2,0.6,0.417,0.0,0.0,1.0,0.2,0.5,0.364,0.458,0.5,0.9,0.579,0.7,0.5,1.2,0.1,0.3,0.1,0.2,0.4,1.0,,2014,2013-14
462.0,Maalik Wayns,22.0,LAC,PG,2.0,0.0,4.5,0.5,1.0,0.5,0.0,0.0,,0.5,1.0,0.5,0.5,0.0,0.0,,0.0,1.0,1.0,1.0,1.0,0.0,0.0,2.0,1.0,,2014,2013-14
463.0,Bernard James,28.0,DAL,C,30.0,0.0,4.9,0.4,0.8,0.478,0.0,0.0,0.0,0.4,0.7,0.5,0.478,0.2,0.4,0.545,0.5,0.9,1.4,0.1,0.1,0.3,0.3,0.8,0.9,,2014,2013-14
464.0,Julyan Stone,25.0,TOR,SG,21.0,0.0,5.7,0.3,0.8,0.412,0.1,0.4,0.25,0.2,0.4,0.556,0.471,0.1,0.1,0.667,0.1,0.9,1.0,0.6,0.1,0.0,0.2,0.6,0.9,,2014,2013-14
465.0,Joel Anthony,31.0,2TM,C,33.0,0.0,5.6,0.4,1.0,0.375,0.0,0.0,,0.4,1.0,0.375,0.375,0.1,0.2,0.5,0.5,0.7,1.2,0.1,0.1,0.4,0.1,0.5,0.8,,2014,2013-14
465.0,Joel Anthony,31.0,MIA,C,12.0,0.0,3.1,0.2,0.5,0.333,0.0,0.0,,0.2,0.5,0.333,0.333,0.2,0.2,1.0,0.2,0.4,0.6,0.0,0.0,0.3,0.1,0.3,0.5,,2014,2013-14
465.0,Joel Anthony,31.0,BOS,C,21.0,0.0,7.1,0.5,1.2,0.385,0.0,0.0,,0.5,1.2,0.385,0.385,0.1,0.3,0.333,0.6,0.9,1.5,0.1,0.1,0.4,0.1,0.6,1.0,,2014,2013-14
466.0,Ognjen Kuzmić,23.0,GSW,C,21.0,0.0,4.4,0.2,0.6,0.385,0.0,0.0,,0.2,0.6,0.385,0.385,0.2,0.5,0.455,0.5,0.5,1.0,0.1,0.1,0.2,0.5,0.8,0.7,,2014,2013-14
467.0,Arinze Onuaku,26.0,2TM,PF,5.0,0.0,6.0,0.2,1.0,0.2,0.0,0.0,,0.2,1.0,0.2,0.2,0.2,0.4,0.5,0.4,1.2,1.6,0.6,0.0,0.0,0.2,0.6,0.6,,2014,2013-14
467.0,Arinze Onuaku,26.0,NOP,PF,3.0,0.0,8.3,0.3,1.3,0.25,0.0,0.0,,0.3,1.3,0.25,0.25,0.3,0.7,0.5,0.7,1.7,2.3,1.0,0.0,0.0,0.3,1.0,1.0,,2014,2013-14
467.0,Arinze Onuaku,26.0,CLE,PF,2.0,0.0,2.5,0.0,0.5,0.0,0.0,0.0,,0.0,0.5,0.0,0.0,0.0,0.0,,0.0,0.5,0.5,0.0,0.0,0.0,0.0,0.0,0.0,,2014,2013-14
468.0,Andris Biedriņš,27.0,UTA,C,6.0,0.0,7.5,0.2,0.2,1.0,0.0,0.0,,0.2,0.2,1.0,1.0,0.2,1.0,0.167,0.3,2.5,2.8,0.0,0.0,0.0,0.3,1.0,0.5,,2014,2013-14
469.0,Scotty Hopson,24.0,CLE,SG,2.0,0.0,3.5,0.0,2.0,0.0,0.0,1.0,0.0,0.0,1.0,0.0,0.0,0.5,1.0,0.5,0.0,0.0,0.0,0.5,0.5,0.0,0.0,0.0,0.5,,2014,2013-14
470.0,Earl Watson,34.0,POR,PG,24.0,0.0,6.7,0.1,0.5,0.273,0.1,0.3,0.286,0.0,0.2,0.25,0.364,0.2,0.2,1.0,0.2,0.4,0.6,1.2,0.2,0.0,0.7,1.4,0.5,,2014,2013-14
471.0,Hamady N'Diaye,27.0,SAC,C,14.0,0.0,5.3,0.2,0.6,0.333,0.0,0.0,,0.2,0.6,0.333,0.333,0.0,0.1,0.0,0.4,0.9,1.3,0.2,0.0,0.3,0.2,1.1,0.4,,2014,2013-14
472.0,Ronnie Brewer,28.0,2TM,SF,24.0,3.0,6.7,0.1,0.6,0.2,0.0,0.3,0.125,0.1,0.3,0.286,0.233,0.0,0.1,0.0,0.1,0.5,0.6,0.4,0.3,0.0,0.1,0.2,0.3,,2014,2013-14
472.0,Ronnie Brewer,28.0,HOU,SF,23.0,3.0,6.9,0.1,0.7,0.2,0.0,0.3,0.125,0.1,0.3,0.286,0.233,0.0,0.1,0.0,0.1,0.5,0.6,0.4,0.3,0.0,0.1,0.2,0.3,,2014,2013-14
472.0,Ronnie Brewer,28.0,CHI,SF,1.0,0.0,2.0,0.0,0.0,,0.0,0.0,,0.0,0.0,,,0.0,0.0,,0.0,0.0,0.0,0.0,0.0,0.0,0.0,0.0,0.0,,2014,2013-14
473.0,Erik Murphy,23.0,CHI,C,24.0,0.0,2.6,0.1,0.5,0.231,0.0,0.1,0.0,0.1,0.4,0.3,0.231,0.0,0.0,,0.1,0.3,0.3,0.1,0.0,0.2,0.1,0.3,0.3,,2014,2013-14
474.0,Mustafa Shakur,29.0,OKC,PG,3.0,0.0,3.7,0.0,1.0,0.0,0.0,0.3,0.0,0.0,0.7,0.0,0.0,0.3,0.7,0.5,0.0,0.0,0.0,1.3,0.0,0.0,0.7,0.7,0.3,,2014,2013-14
475.0,Josh Childress,30.0,NOP,SF,4.0,0.0,6.0,0.0,0.0,,0.0,0.0,,0.0,0.0,,,0.0,0.0,,0.0,0.8,0.8,0.5,0.3,0.0,0.3,0.3,0.0,,2014,2013-14
476.0,Elias Harris,24.0,LAL,SF,2.0,0.0,5.5,0.0,0.5,0.0,0.0,0.0,,0.0,0.5,0.0,0.0,0.0,0.0,,0.5,0.0,0.5,0.5,0.5,0.0,0.0,0.0,0.0,,2014,2013-14
477.0,Royal Ivey,32.0,OKC,SG,2.0,0.0,2.5,0.0,1.0,0.0,0.0,0.5,0.0,0.0,0.5,0.0,0.0,0.0,0.0,,0.0,0.5,0.5,0.0,0.0,0.0,0.0,0.5,0.0,,2014,2013-14
478.0,Darius Johnson-Odom,24.0,PHI,SG,3.0,0.0,5.0,0.0,2.3,0.0,0.0,1.0,0.0,0.0,1.3,0.0,0.0,0.0,0.7,0.0,0.0,0.7,0.7,0.3,0.3,0.0,0.7,1.0,0.0,,2014,2013-14
479.0,Dexter Pittman,25.0,ATL,C,2.0,0.0,1.5,0.0,0.5,0.0,0.0,0.0,,0.0,0.5,0.0,0.0,0.0,1.0,0.0,1.5,0.0,1.5,0.0,0.0,0.0,0.0,0.0,0.0,,2014,2013-14
480.0,Chris Smith,26.0,NYK,PG,2.0,0.0,1.0,0.0,0.0,,0.0,0.0,,0.0,0.0,,,0.0,0.0,,0.0,0.0,0.0,0.0,0.0,0.0,0.0,0.0,0.0,,2014,2013-14
481.0,D.J. White,27.0,CHA,PF,2.0,0.0,5.0,0.0,0.5,0.0,0.0,0.0,,0.0,0.5,0.0,0.0,0.0,0.0,,0.0,1.0,1.0,0.0,0.5,0.0,0.0,0.5,0.0,,2014,2013-14
482.0,Royce White,22.0,SAC,PF,3.0,0.0,3.0,0.0,0.3,0.0,0.0,0.0,,0.0,0.3,0.0,0.0,0.0,0.0,,0.0,0.0,0.0,0.0,0.0,0.0,0.0,0.7,0.0,,2014,2013-14
,League Average,,,,,,,,,0.454,,,0.36,,,0.488,0.501,,,0.756,,,,,,,,,,,2014,2013-14
